"Source project — do not overwrite","Batch Source batch — do not overwrite","Task ID Unique Task ID — do not overwrite","Dataset Task Name (data-os 274) Task ID fallback until the canonical task name is supplied","Task Link Source task folder — do not overwrite","Modified Task Link Add the modified task link","Trainer Name Add the modified task link","Status Use the dropdown. Use personal filter views only; never apply a shared filter or sort the range.","New Status In Progress","Status Use the dropdown. Use personal filter views only; never apply a shared filter or sort the range.","Review CSV Complete ","QC Link ","New QC Tool Check Choose if you task has Passed or Failed","New QC Tool Score Score received from the Ship - Delivery Gate column here https://qc-api-713053229214.us-central1.run.app/ ","New QC Tool Proof HTML FILE Proof that this task has passed review using the QC Tool found here https://qc-api-713053229214.us-central1.run.app/ ","Date Started Date started","Date submitted Date submitted","Trainer Notes Trainer notes","Pass Rate Pass rate out of 5","Pass Rate Pass rate out of 4","Trainer AHT Trainer AHT (hours)","Pod Lead Trainers pod lead","Reviewer Reviewer","Reviewer AHT Reviewer AHT (hours)","Date Reviewed Date reviewed","Reviewer Feedback Reviewer feedback","Reworked by Reviewer Yes / No","Reviewer Rework Count Reviewer rework count","QC Person QC person","QC AHT QC AHT (hours)","QC Feedback QC feedback","Reworked by QC Yes / No","QC Rework Count QC rework count","Total Rework Count Total rework count","Delivery Batch Delivery batch","Delivered On Delivered on","Pass QC Check Has the QC link of this task been checked by a pod lead?","GCP Status ","GCP Owner Name ","Accepted Date "
"ComputerBench A Connector","Batch 1","CONN-B1-9000001","the-legacy-key-nobody-retired","the-legacy-key-nobody-retired","the-legacy-key-nobody-retired","Monty Dimkpa","","Rejected","","YES","https://harbor-trainer-s2eobzrxbq-uc.a.run.app/trainer/pipeline-report/evaluation-eb09e4489aaa4634","PASS","","","2026-09-13","2026-09-16","","","1/4","6.00","","","","Coding & Software Engineering","","","","","","","","","","","","","rejected","713053229214-compute@developer.gserviceaccount.com","2026-09-21"
"ComputerBench A Connector","Batch 1","CONN-B1-9000002","the-edge-function-nobody-locked-down","the-edge-function-nobody-locked-down","","Reza Zeraat","","Accepted","","YES","","PASS","","","2026-09-13","2026-09-16","","","3/4","6.00","","","","Coding & Software Engineering","","","","","","","","","","","","","accepted","reza.z2@turing.com","2026-09-24"
"ComputerBench A Connector","Batch 1","CONN-B1-9000003","the-branch-that-never-finished","the-branch-that-never-finished","the-branch-that-never-finished","Monty Dimkpa","","Rejected","","YES","https://harbor-trainer-s2eobzrxbq-uc.a.run.app/trainer/pipeline-report/evaluation-d4452890a8ef4863","PASS","","","2026-09-13","2026-09-14","","","2/4","6.00","","","","Coding & Software Engineering","","","","","","","","","","","","","rejected","713053229214-compute@developer.gserviceaccount.com","2026-09-22"
"ComputerBench A Connector","Batch 1","CONN-B1-9000004","the-subdomain-rollout-that-skipped-a-tier","the-subdomain-rollout-that-skipped-a-tier","https://drive.google.com/drive/folders/1JlBkybJAVCJrtLBMii2dP9urcU4YTWXS?usp=sharing","Navendu Mishra","","Rejected","","YES","https://harbor-trainer-s2eobzrxbq-uc.a.run.app/trainer/api/run/c46f5ea998d2428caba43d6c18a62d20/artifact?name=qc_report.html&share=qbXCOjPVoBi5VyhWnFIiPjf1hQoXVp7cVrA51yzUdwE","PASS","","","2026-09-13","2026-09-14","","","3/4","8.00","","","","Coding & Software Engineering","","","","","","","","","","","","","rejected","navendu.m@turing.com","2026-09-26"
"ComputerBench A Connector","Batch 1","CONN-B1-9000005","the-copy-that-stopped-keeping-up","the-copy-that-stopped-keeping-up","","Monty Dimkpa","","Rejected","","","","","","","2026-09-14","2026-09-16","","","","","","","","Coding & Software Engineering","","","","","","","","","","","","","rejected","monty.d2@turing.com","2026-09-16"
"ComputerBench A Connector","Batch 1","CONN-B1-9000006","turned-off-the-wrong-key","turned-off-the-wrong-key","","Monty Dimkpa","","In Progress","","","","","","","2026-09-14","2026-09-16","","","","","","","","Coding & Software Engineering","","","","","","","","","","","","","","",""
"ComputerBench A Connector","Batch 1","CONN-B1-9000007","the-project-that-never-woke-up","the-project-that-never-woke-up","https://drive.google.com/file/d/1NiwWeubuCTW6qpmGl0E0bqYZix_wg7g5/view?usp=sharing","Akash Dekate","","Rejected","","yes","https://harbor-trainer-s2eobzrxbq-uc.a.run.app/trainer/api/run/evaluation-7beaa168b8ba4ac8/artifact?name=qc_report_v2.html&share=RjhNoxGzZ4yCcnFYf70ARKaHdqoVGvm_DQKMWL17uXk","PASS","","","2026-09-16","2026-09-21","","","3/4","15","","","","Coding & Software Engineering","","","","","","","","","","","","","rejected","akash.d3@turing.com","2026-09-21"
"ComputerBench A Connector","Batch 1","CONN-B1-9000008","the-tier-that-never-got-its-sso","the-tier-that-never-got-its-sso","","Reza Zeraat","","Rejected","","","","","","","2026-09-15","2026-09-17","","","","","","","","Coding & Software Engineering","","","","","","","","","","","","","rejected","reza.z2@turing.com","2026-09-18"
"ComputerBench A Connector","Batch 1","CONN-B1-9000009","the-open-door-nobody-watches","the-open-door-nobody-watches","https://drive.google.com/file/d/1lslUP1jubh2dkv3vrRmleF35OwxC-WZK/view?usp=sharing","Akash Dekate","","Accepted","","YES","https://harbor-trainer-s2eobzrxbq-uc.a.run.app/trainer/api/run/evaluation-15b77cf01d254d88/artifact?name=qc_report_v2.html&share=2XjQVxl9rbmh5w8Ys-qu8G7Z9ELrqd1umpEYM_3NGJk","PASS","","","2026-09-16","2026-09-18","","","","12.00","","","","Coding & Software Engineering","","","","","","","","","","","","","accepted","akash.d3@turing.com","2026-09-18"
"ComputerBench A Connector","Batch 1","CONN-B1-9000010","the-key-rotation-that-went-backwards","the-key-rotation-that-went-backwards","","Reza Zeraat","","In Progress","","","","","","","2026-09-16","2026-09-17","","","","","","","","Coding & Software Engineering","","","","","","","","","","","","","","",""
"ComputerBench A Connector","Batch 1","CONN-B1-9000011","read-only-in-name-only","read-only-in-name-only","https://drive.google.com/file/d/12BF52nXw0mvX8Hjtt5P4vjV7PzMn0GYp/view?usp=sharing","Reza Zeraat","","Rejected","","YES","https://harbor-trainer-s2eobzrxbq-uc.a.run.app/trainer/api/run/evaluation-3130ff670c80487a/artifact?name=qc_report_v2.html&share=6_ed7mmm0pfxWLBN7EcMQQIs26o0CzDDfEf1qpnt0gk","PASS","","","2026-09-13","2026-09-14","","","3/4","3.00","","","","Coding & Software Engineering","","","","","","","","","","","","","rejected","713053229214-compute@developer.gserviceaccount.com","2026-09-22"
"ComputerBench A Connector","Batch 1","CONN-B1-9000012","what-the-loads-quietly-lost","what-the-loads-quietly-lost","","Reza Zeraat","","Accepted","","YES","https://harbor-trainer-s2eobzrxbq-uc.a.run.app/trainer/pipeline-report/evaluation-999242c810484065","PASS","","","2026-09-14","2026-09-15","","","1/4","2.00","","","","Coding & Software Engineering","","","","","","","","","","","","","accepted","reza.z2@turing.com","2026-09-16"
"ComputerBench A Connector","Batch 1","CONN-B1-9000013","two-of-them-are-the-same-name","two-of-them-are-the-same-name","","ANEELA JAFFER","","In Progress","","","","","","","2026-09-16","","","","","","","","","Coding & Software Engineering","","","","","","","","","","","","","","",""
"ComputerBench A Connector","Batch 1","CONN-B1-9000014","the-money-nobody-picked-up","the-money-nobody-picked-up","the-money-nobody-picked-up.zip","Sahil Garg","","Accepted","","Yes","https://harbor-trainer-s2eobzrxbq-uc.a.run.app/trainer/api/run/evaluation-4c50c3afd79a48f0/artifact?name=qc_report_v2.html&share=DgWgKdf9p6ikqChO9HcOa89IMw5PN1vVA5005tCeAGY","PASS","","","2026-09-14","2026-09-15","","","2/4","6.00","","","","Finance & Accounting","","","","","","","","","","","","","accepted","sahil.garg-fx@turing.com","2026-09-17"
"ComputerBench A Connector","Batch 1","CONN-B1-9000015","who-is-actually-in-the-room","who-is-actually-in-the-room","who-is-actually-in-the-room.zip","AMIT JADHAV","","Rejected","","YES","https://harbor-trainer-s2eobzrxbq-uc.a.run.app/trainer#task=content-9d69004ed3a2db5766eca6154bbd739b-v36","PASS","","","2026-09-14","2026-09-26","","","","16.00","","","","Coding & Software Engineering","","","","","","","","","","","","","accepted","amit.j2@turing.com","2026-09-26"
"ComputerBench A Connector","Batch 1","CONN-B1-9000016","the-reply-that-was-not-an-answer","the-reply-that-was-not-an-answer","the-reply-that-was-not-an-answer.zip","Sahil Garg","","Accepted","","Yes","https://harbor-trainer-s2eobzrxbq-uc.a.run.app/trainer/api/run/evaluation-c4f317573d8e4023/artifact?name=qc_report_v2.html&share=m0bp3ou_gRLECMmRUCyhOLZbbzvvecrUSBGilx-e8us","PASS","","","2026-09-15","2026-09-16","","","","6.00","","","","Coding & Software Engineering","","","","","","","","","","","","","accepted","sahil.garg-fx@turing.com","2026-09-17"
"ComputerBench A Connector","Batch 1","CONN-B1-9000017","the-status-that-outlived-the-standup","the-status-that-outlived-the-standup","the-status-that-outlived-the-standup.zip","Ardhendu Pramanik","","Accepted","","Yes","https://harbor-trainer-s2eobzrxbq-uc.a.run.app/trainer/api/run/evaluation-6d9139ff46f145f9/artifact?name=qc_report_v2.html&share=KJEox1BiYgqpoa24AueILWOGvmvvUJ3aziDp4-5BX7E","PASS","","","2026-09-16","2026-09-21","","","","8.00","","","","Business & Strategy","","","","","","","","","","","","","accepted","ardhendu.p@turing.com","2026-09-21"
"ComputerBench A Connector","Batch 1","CONN-B1-9000018","the-roster-that-never-quite-filled-up","the-roster-that-never-quite-filled-up","https://drive.google.com/file/d/1gZ7MOuQLKrGvgyG0q4Xbgbh_BBSRrr_e/view?usp=sharing","Ahsan Raza","","Accepted","","YES","https://harbor-trainer-s2eobzrxbq-uc.a.run.app/trainer/api/run/evaluation-f819c8d175ce43c8/artifact?name=qc_report_v2.html&share=WLpDZsIVZOrgBmFGh_QSkz-zBorzK4Ws2RJbb6otuv8","PASS","","","2026-09-15","2026-09-17","","","2/4","6.00","","","","Business & Strategy","","","","","","","","","","","","","accepted","ahsan.r4@turing.com","2026-09-17"
"ComputerBench A Connector","Batch 1","CONN-B1-9000019","the-request-that-outran-the-clock","the-request-that-outran-the-clock","https://drive.google.com/drive/folders/1oe_uWK0_1kp431mQYDIB4UewSGMGTkxu","Ahmed ELKHOLY","","In Progress","","Yes",".","PASS","","","2026-09-15","2026-09-19","","","1/4","","","","","Business & Strategy","","","","","","","","","","","","","","",""
"ComputerBench A Connector","Batch 1","CONN-B1-9000020","the-other-door-is-still-ours","the-other-door-is-still-ours","the-other-door-is-still-ours","Niteesh B","","Accepted","","Yes","https://harbor-trainer-s2eobzrxbq-uc.a.run.app/trainer/api/run/evaluation-0488cefdbbd945da/artifact?name=qc_report_v2.html&share=ZSSeo9_iWEucjVUIyB9CYC197LB4FH1R3pl2BZ0cXsE","PASS","","","","2026-09-18","","","1/4","8.00","","","","Coding & Software Engineering","","","","","","","","","","","","","accepted","niteesh.b@turing.com","2026-09-18"
"ComputerBench A Connector","Batch 1","CONN-B1-9000021","the-pin-that-never-said-incident","the-pin-that-never-said-incident","","Monty Dimkpa","","In Progress","","","","","","","2026-09-16","","","","","","","","","Business & Strategy","","","","","","","","","","","","","","",""
"ComputerBench A Connector","Batch 1","CONN-B1-9000022","the-mockup-nobody-signed-off-on","the-mockup-nobody-signed-off-on","","Monty Dimkpa","","In Progress","","","","","","","2026-09-16","","","","","","","","","Business & Strategy","","","","","","","","","","","","","","",""
"ComputerBench A Connector","Batch 1","CONN-B1-9000023","the-owners-on-paper","the-owners-on-paper","https://drive.google.com/drive/folders/1MIGbTbzfrfJgBaliXDvVDbB8mcZFCz4z?usp=sharing","Tsehayneh Sinishaw","","Accepted","","Yes","https://harbor-trainer-s2eobzrxbq-uc.a.run.app/trainer#task=content-76b55a63928e0e0d8b0583ebdbfbf305-v7","PASS","","","2026-09-17","2026-09-20","","","","","","","","Coding & Software Engineering","","","","","","","","","","","","","accepted","tsehayneh.t@turing.com","2026-09-19"
"ComputerBench A Connector","Batch 1","CONN-B1-9000024","the-only-eyes-on-it-were-our-own","the-only-eyes-on-it-were-our-own","the-only-eyes-on-it-were-our-own.zip","Ardhendu Pramanik","","Pending Finalization","","Yes","https://harbor-trainer-s2eobzrxbq-uc.a.run.app/trainer/api/run/evaluation-a289d124ef4e4669/artifact?name=qc_report_v2.html&share=CR5J0EgJ3ugZ6eaauxLrvddHXt9ySpfkJuq282nrPGQ","PASS","","","2026-09-16","2026-09-24","","","3/4","8.00","","","","Coding & Software Engineering","","","","","","","","","","","","","","",""
"ComputerBench A Connector","Batch 1","CONN-B1-9000025","the-eod-that-came-and-went","the-eod-that-came-and-went","","Aditya Keshri","","In Progress","","","","","","","2026-09-16","","","","","","","","","Business & Strategy","","","","","","","","","","","","","","",""
"ComputerBench A Connector","Batch 1","CONN-B1-9000026","the-approval-that-came-up-short","the-approval-that-came-up-short","","Ashutosh Mittal","","Accepted","","yes","","PASS","","","2026-09-16","2026-09-18","","","","","","","","Business & Strategy","","","","","","","","","","","","","accepted","ashutosh.m3@turing.com","2026-09-18"
"ComputerBench A Connector","Batch 1","CONN-B1-9000027","the-asks-nobody-added-up","the-asks-nobody-added-up","the-asks-nobody-added-up-hardened-rev4.zip","Shahryar Akbar","","Accepted","","","https://harbor-trainer-s2eobzrxbq-uc.a.run.app/trainer/api/run/evaluation-02b18d1acec04e4d/artifact?name=qc_report_v2.html&share=bh73R08YBsXxXyUWpqz-a6GD0qiMGSMGJ96V2AjF0cw","PASS","","","2026-09-16","2026-09-17","","","","","","","","Business & Strategy","","","","","","","","","","","","","accepted","shahryar.a1@turing.com","2026-09-17"
"ComputerBench A Connector","Batch 1","CONN-B1-9000028","nobody-would-have-missed-them","nobody-would-have-missed-them","nobody-would-have-missed-them-hardened_8.zip","Shahryar Akbar","","Accepted","","","https://harbor-trainer-s2eobzrxbq-uc.a.run.app/trainer/api/run/evaluation-8c93ed2f56584c27/artifact?name=qc_report_v2.html&share=6b_xEwSf3tDOVyos4AWGGDJ-xINEPj56xw-35Myueoo","PASS","","","2026-09-16","2026-09-19","","","3/4","","","","","Coding & Software Engineering","","","","","","","","","","","","","accepted","shahryar.a1@turing.com","2026-09-19"
"ComputerBench A Connector","Batch 1","CONN-B1-9000029","the-approval-came-with-a-catch","the-approval-came-with-a-catch","https://drive.google.com/drive/folders/1kt7b3V5RJunYoF2tYtSi1-rFg93AU3HE?usp=sharing","Navendu Mishra","","Accepted","","YES","https://harbor-trainer-s2eobzrxbq-uc.a.run.app/trainer/api/run/304504d76c214d218b461b58af5274e5/artifact?name=qc_report.html&share=z1LgOSdeL5sezQ2RlDePhPnWJw0z3RMU8_2kx4WWxwQ","PASS","","","2026-09-16","2026-09-16","","","","8.00","","","","Business & Strategy","","","","","","","","","","","","","accepted","navendu.m@turing.com","2026-09-20"
"ComputerBench A Connector","Batch 1","CONN-B1-9000030","the-channels-nobody-lists","the-channels-nobody-lists","","Reza Zeraat","","Rejected","","","","","","","2026-09-17","","","","","","","","","Coding & Software Engineering","","","","","","","","","","","","","rejected","reza.z2@turing.com","2026-09-18"
"ComputerBench A Connector","Batch 1","CONN-B1-9000031","the-handle-at-the-front-of-the-message","the-handle-at-the-front-of-the-message","the-handle-at-the-front-of-the-message-qc-20260917-r8.zip","Ian Gatheru","","Accepted","","yes","https://harbor-trainer-s2eobzrxbq-uc.a.run.app/trainer/api/run/evaluation-23ffcb2820de493f/artifact?name=qc_report_v2.html&share=DpZp4rtDZ42q6OLOBiER-cw93QUyrW_SYEaEptTLu38","PASS","","","2026-09-16","2026-09-18","","","1/4","8.00","","","","Coding & Software Engineering","","","","","","","","","","","","","accepted","ian.g@turing.com","2026-09-18"
"ComputerBench A Connector","Batch 1","CONN-B1-9000032","the-clock-on-the-room","the-clock-on-the-room","the-clock-on-the-room-local-qc-final.zip","David Adeteye","","In Progress","","yes","local qc, html in zipped folder","PASS","","","2026-09-16","2026-09-20","","","3/4","4.00","","","","Coding & Software Engineering","","","","","","","","","","","","","","",""
"ComputerBench A Connector","Batch 1","CONN-B1-9000033","nobody-was-on-the-other-end","nobody-was-on-the-other-end","nobody-was-on-the-other-end","Niteesh B","","Pending Finalization","","Yes","https://harbor-trainer-s2eobzrxbq-uc.a.run.app/trainer/api/run/evaluation-63a06a7311084aae/artifact?name=qc_report_v2.html&share=cY3RGbfALzDxS0C5tdbxhaI6MVkk7qVXoxJtTsDy8hg","PASS","","","2026-09-25","2026-09-25","","","2/4","16.00","","","","Coding & Software Engineering","","","","","","","","","","","","","accepted","niteesh.b@turing.com","2026-09-26"
"ComputerBench A Connector","Batch 1","CONN-B1-9000034","the-channel-went-quiet-for-a-reason","the-channel-went-quiet-for-a-reason","the-channel-went-quiet-for-a-reason","Nadupalle Vedadri Harith","","Accepted","","Yes","https://harbor-trainer-s2eobzrxbq-uc.a.run.app/trainer/api/run/evaluation-b999a7fe27ac44e3/artifact?name=qc_report_v2.html&share=JU2tzdDmgmOPyBxt8RcpJahNuvQZh1GOOnKvZhqZ87I","PASS","","","2026-09-17","2026-09-18","","","3/4","8.00","","","","Business & Strategy","","","","","","","","","","","","","accepted","nadupalle.h@turing.com","2026-09-19"
"ComputerBench A Connector","Batch 1","CONN-B1-9000035","the-shelf-that-never-sold","the-shelf-that-never-sold","","Sahil Garg","","Rejected","","Yes","https://harbor-trainer-s2eobzrxbq-uc.a.run.app/trainer/api/run/evaluation-97c3d636994e43e3/artifact?name=qc_report_v2.html&share=AdgR9_jK9b-s80WOilL3CZrj1I9WxutnpFOKpTqaL6U","PASS","","","2026-09-16","2026-09-17","Rejected","","2/4","6.00","","","","Coding & Software Engineering","","","","","","","","","","","","","rejected","sahil.garg-fx@turing.com","2026-09-26"
"ComputerBench A Connector","Batch 1","CONN-B1-9000036","the-room-the-reply-never-reached","the-room-the-reply-never-reached","https://drive.google.com/drive/folders/1uKq00FflG6du8QlLwcSPaJ8OkWo4XYQi?usp=drive_link","NKWACHUKWU CHUKA OKEKE (Chuka Okeke)","","Pending Finalization","","Yes","https://harbor-trainer-s2eobzrxbq-uc.a.run.app/trainer/api/run/evaluation-63c67e9977ca4edb/artifact?name=qc_report_v2.html&share=Cpt431Diz592veZrWnTvo6NYPpBl84aDUQbW_9_WiYM","PASS","","","2026-09-16","2026-09-27","Accepted","","1/4","8.00","","","","Coding & Software Engineering","","","","","","","","","","","","","accepted","nkwachukwu.o@turing.com","2026-09-26"
"ComputerBench A Connector","Batch 1","CONN-B1-9000037","the-thread-the-inbox-never-showed-whole","the-thread-the-inbox-never-showed-whole","","Sahil Garg","","Rejected","","Yes","https://harbor-trainer-s2eobzrxbq-uc.a.run.app/trainer/api/run/evaluation-bbb0f55de2dd4403/artifact?name=qc_report_v2.html&share=h08kfffK9EINkjjO03xDts3GUDzBZqiw181ivfEWvz8","PASS","","","2026-09-16","2026-09-17","Rejected","","","6.00","","","","Coding & Software Engineering","","","","","","","","","","","","","rejected","sahil.garg-fx@turing.com","2026-09-18"
"ComputerBench A Connector","Batch 1","CONN-B1-9000038","the-tags-that-only-do-half-the-job","the-tags-that-only-do-half-the-job","","Mareeswaran Mareeswaran","","Rejected","","Yes","https://harbor-trainer-s2eobzrxbq-uc.a.run.app/trainer/api/run/evaluation-43cd0ca40d2047fb/artifact?name=qc_report_v2.html&share=gfxPdFIW9wJGMW4XB6bfnft4BVRcUoI49VjqsDMWvwc","PASS","","","2026-09-17","2026-09-23","Accepted","","1/4","8.00","","","","Coding & Software Engineering","","","","","","","","","","","","","accepted","mareeswaran.m1@turing.com","2026-09-26"
"ComputerBench A Connector","Batch 1","CONN-B1-9000039","the-list-is-not-the-mailbox","the-list-is-not-the-mailbox","","Sahil Garg","","Rejected","","Yes","https://harbor-trainer-s2eobzrxbq-uc.a.run.app/trainer/api/run/evaluation-da1bccf545d0495f/artifact?name=qc_report_v2.html&share=rQCBFdxDHzHdR9rQ6yRvEXpgYFEOgRH6usJUWGsoMyU","PASS","","","2026-09-17","2026-09-19","Pipeline Error","","3/4","6.00","","","","Coding & Software Engineering","","","","","","","","","","","","","rejected","sahil.garg-fx@turing.com","2026-09-19"
"ComputerBench A Connector","Batch 1","CONN-B1-9000040","the-subject-line-is-not-the-programme","the-subject-line-is-not-the-programme","","Khushi Gupta","","In Progress","","","","","","","2026-09-17","","","","","","","","","Coding & Software Engineering","","","","","","","","","","","","","","",""
"ComputerBench A Connector","Batch 1","CONN-B1-9000041","the-day-it-is-where-i-am","the-day-it-is-where-i-am","https://drive.google.com/file/d/1aA8yvEAtbjY7PJLGpXowVtDdkkVDHHPr/view?usp=drive_link","AMIT JADHAV","","Accepted","","Yes","https://harbor-trainer-s2eobzrxbq-uc.a.run.app/trainer#task=content-befc47bf1d55507c998c70629f7c1036-v16","PASS","","","2026-09-16","2026-09-19","","","2/4","10.00","Fahd Rafi","","","Coding & Software Engineering","","","","","","","","","","","","","accepted","amit.j2@turing.com","2026-09-20"
"ComputerBench A Connector","Batch 1","CONN-B1-9000042","an-extra-in-my-own-week","an-extra-in-my-own-week","https://drive.google.com/file/d/1J9n0Mki87Q2Nw0xf7tbxKCbwiv5GwFf4/view?usp=sharing","Akash Dekate","","Accepted","","yes","https://harbor-trainer-s2eobzrxbq-uc.a.run.app/trainer/api/run/evaluation-eadbf25a55214758/artifact?name=qc_report_v2.html&share=TMa3NVXm-OJEmYAUBrNxGK3CsX6pJpUmVFZrLIOzpjM","PASS","","","2026-09-17","2026-09-17","","","3/4","8.00","","","","Coding & Software Engineering","","","","","","","","","","","","","accepted","akash.d3@turing.com","2026-09-18"
"ComputerBench A Connector","Batch 1","CONN-B1-9000043","the-maybe-was-never-an-answer","the-maybe-was-never-an-answer","the-maybe-was-never-an-answer-local-qc-final.zip","David Adeteye","","In Progress","","yes","local qc, html in zipped folder","PASS","","","2026-09-16","2026-09-20","","","3/4","","","","","Coding & Software Engineering","","","","","","","","","","","","","","",""
"ComputerBench A Connector","Batch 1","CONN-B1-9000044","the-line-my-name-was-on","the-line-my-name-was-on","","Muhammad Shariq Shafiq","","In Progress","","","","","","","2026-09-17","","","","","","","","","Coding & Software Engineering","","","","","","","","","","","","","","",""
"ComputerBench A Connector","Batch 1","CONN-B1-9000045","the-room-that-left-no-paper-trail","the-room-that-left-no-paper-trail","","Reza Zeraat","","In Progress","","","","","","","2026-09-17","","","","","","","","","Coding & Software Engineering","","","","","","","","","","","","","","",""
"ComputerBench A Connector","Batch 1","CONN-B1-9000046","the-mailbox-that-looked-busier-than-it-was","the-mailbox-that-looked-busier-than-it-was","https://drive.google.com/file/d/1ealmo1q60nW_9qbfpk7lEQSvogsMzwH7/view?usp=sharing","Tsehayneh Sinishaw","","Accepted","","Yes","https://harbor-trainer-s2eobzrxbq-uc.a.run.app/trainer#task=content-1608b32dd1dcf7b6b746d3587845fca4-v6","PASS","","","2026-09-20","2026-09-20","","","2/4","","","","","Coding & Software Engineering","","","","","","","","","","","","","accepted","tsehayneh.t@turing.com","2026-09-20"
"ComputerBench A Connector","Batch 1","CONN-B1-9000047","the-loudest-voice-has-no-account","the-loudest-voice-has-no-account","the-loudest-voice-has-no-account","Nadupalle Vedadri Harith","","Accepted","","Yes","https://harbor-trainer-s2eobzrxbq-uc.a.run.app/trainer/api/run/evaluation-c12db263e1774e6a/artifact?name=qc_report_v2.html&share=zE95iZMV-hpKe-b77EtU8EbD1EdZBXpHQTYd_41IdnU","PASS","","","2026-09-17","2026-09-22","","","3/4","10.00","","","","Coding & Software Engineering","","","","","","","","","","","","","accepted","nadupalle.h@turing.com","2026-09-22"
"ComputerBench A Connector","Batch 1","CONN-B1-9000048","who-still-has-a-key","who-still-has-a-key","https://drive.google.com/file/d/1sS12yYEhNsfK6-LfuM9eRG2UpCs8ZoDj/view?usp=sharing","Akash Dekate","","Accepted","","yes","https://harbor-trainer-s2eobzrxbq-uc.a.run.app/trainer/api/run/evaluation-3d9f1556b7b7410c/artifact?name=qc_report_v2.html&share=j07NVZZqKZFQPH35lON7Jug25MXmM8TlOe6KcU0o230","PASS","","","2026-09-17","2026-09-18","","","2/4","10.00","","","","Coding & Software Engineering","","","","","","","","","","","","","accepted","akash.d3@turing.com","2026-09-20"
"ComputerBench A Connector","Batch 1","CONN-B1-9000049","the-week-the-digest-never-ran","the-week-the-digest-never-ran","","Akash Dekate","","Rejected","","yes","https://harbor-trainer-s2eobzrxbq-uc.a.run.app/trainer/api/run/evaluation-15091d71af7c473c/artifact?name=qc_report_v2.html&share=whYGA8z0mTM6YPPf4c_jNBSt17Br1VFoBr_mgUv6qWs","PASS","","","2026-09-18","2026-09-20","","","3/4","","","","","Coding & Software Engineering","","","","","","","","","","","","","rejected","akash.d3@turing.com","2026-09-21"
"ComputerBench A Connector","Batch 1","CONN-B1-9000050","the-cover-list-reaches-strangers","the-cover-list-reaches-strangers","https://drive.google.com/file/d/16-YN982uLg-ZggqA1gWphkPbLQiIn08-/view?usp=sharing","Akash Dekate","","Accepted","","yes","https://harbor-trainer-s2eobzrxbq-uc.a.run.app/trainer/api/run/evaluation-fda27ce48c744c67/artifact?name=qc_report_v2.html&share=9Nri75aO_u-WtsESq4UaF-kKbO7uRgqNRTS6c1iNBrw","PASS","","","2026-09-20","2026-09-21","","","3/4","12.00","","","","Coding & Software Engineering","","","","","","","","","","","","","accepted","akash.d3@turing.com","2026-09-20"
"ComputerBench A Connector","Batch 1","CONN-B1-9000051","the-invite-list-is-not-the-room","the-invite-list-is-not-the-room","","","","Rejected","","","","","","","2026-09-18","","","","","","","","","Coding & Software Engineering","","","","","","","","","","","","","rejected","niteesh.b@turing.com","2026-09-23"
"ComputerBench A Connector","Batch 1","CONN-B1-9000052","the-rooms-i-stopped-opening","the-rooms-i-stopped-opening","","NKWACHUKWU CHUKA OKEKE (Chuka Okeke)","","In Progress","","","","","","","2026-09-16","","","","","","","","","Coding & Software Engineering","","","","","","","","","","","","","","",""
"ComputerBench A Connector","Batch 1","CONN-B1-9000053","the-room-was-loud-and-empty","the-room-was-loud-and-empty","https://drive.google.com/file/d/1VzSkxL_fyob4ZYKOBRxM__SG7Ek0o6pd/view?usp=sharing","Akash Dekate","","Accepted","","yes","https://harbor-trainer-s2eobzrxbq-uc.a.run.app/trainer/api/run/evaluation-6e98cd2d7dfe4a7b/artifact?name=qc_report_v2.html&share=RzeW_8xxJryGF89Z7GOYvgf5kbcq1EMZ6nmm3uzQ-zA","PASS","","","2026-09-18","2026-09-20","Pipeline Error","","2/4","","","","","Coding & Software Engineering","","","","","","","","","","","","","accepted","akash.d3@turing.com","2026-09-24"
"ComputerBench A Connector","Batch 1","CONN-B1-9000054","rooms-that-were-never-on-the-list","rooms-that-were-never-on-the-list","rooms-that-were-never-on-the-list.zip","Sahil Garg","","Accepted","","Yes","https://harbor-trainer-s2eobzrxbq-uc.a.run.app/trainer/api/run/evaluation-a627a4dbba8b4760/artifact?name=qc_report_v2.html&share=R7Aj4BXbHY7MKlEH5Aq2fnyBCAOH6Taj0oFjH_HcFKc","PASS","","","2026-09-17","2026-09-18","","","","8.00","","","","Coding & Software Engineering","","","","","","","","","","","","","accepted","sahil.garg-fx@turing.com","2026-09-20"
"ComputerBench A Connector","Batch 1","CONN-B1-9000055","the-same-name-is-not-the-same-window","the-same-name-is-not-the-same-window","","Ashutosh Mittal","","Accepted","","","","PASS","","","2026-09-18","2026-09-19","","","","","","","","Coding & Software Engineering","","","","","","","","","","","","","accepted","ashutosh.m3@turing.com","2026-09-19"
"ComputerBench A Connector","Batch 1","CONN-B1-9000056","the-name-is-not-the-person","the-name-is-not-the-person","https://drive.google.com/file/d/1D4yZ6M8FPFQMriNduUJbtsdUZ3ANTVj0/view?usp=sharing","Ian Gatheru","","Pending Finalization","","Yes","https://harbor-trainer-s2eobzrxbq-uc.a.run.app/trainer/api/run/evaluation-87e3f096fdb345f1/artifact?name=qc_report_v2.html&share=nkQMZ7qHdzr4Cg2YCRT-gMPBy5eAnUPJMUS5xgl2Hto","PASS","","","2026-09-18","2026-09-27","","","1/4","","","","","Coding & Software Engineering","","","","","","","","","","","","","accepted","ian.g@turing.com","2026-09-26"
"ComputerBench A Connector","Batch 1","CONN-B1-9000057","the-train-that-counts-the-same-ticket-twice","the-train-that-counts-the-same-ticket-twice","https://drive.google.com/file/d/1wMAieQEzuuPOhtaveSYWRxxljpjrrOU3/view?usp=sharing","Ian Gatheru","","Accepted","","Yes","https://harbor-trainer-s2eobzrxbq-uc.a.run.app/trainer/api/run/evaluation-726e04fb9e834414/artifact?name=qc_report_v2.html&share=yv7CZkhUH9Q1TE36NRMZ3v6FAqvVCq5cudYtRs2C5RQ","PASS","","","2026-09-18","2026-09-21","","","3/4","8.00","","","","Coding & Software Engineering","","","","","","","","","","","","","accepted","ian.g@turing.com","2026-09-21"
"ComputerBench A Connector","Batch 1","CONN-B1-9000058","the-work-that-outlived-the-project","the-work-that-outlived-the-project","https://drive.google.com/file/d/1JoEnRVKzavpHRHHHMJDl8_XoisCrZ5Mm/view?usp=sharing","Ahsan Raza","","Accepted","","YES","https://harbor-trainer-s2eobzrxbq-uc.a.run.app/trainer/api/run/evaluation-376c20e2e6804ab3/artifact?name=qc_report_v2.html&share=K3lweLLeNbRmc7U28NVx5RBUu_i1aUpqX3fe_D-rEIM","PASS","","","2026-09-18","2026-09-18","","","2/4","8.00","","","","Coding & Software Engineering","","","","","","","","","","","","","accepted","ahsan.r4@turing.com","2026-09-18"
"ComputerBench A Connector","Batch 1","CONN-B1-9000059","the-work-that-went-quiet","the-work-that-went-quiet","the-work-that-went-quiet","Nadupalle Vedadri Harith","","Pending Finalization","","Yes","https://harbor-trainer-s2eobzrxbq-uc.a.run.app/trainer/api/run/evaluation-14bc9e67ae23462c/artifact?name=qc_report_v2.html&share=KAf-YznslPKm2fGno82A86U_0cEy74RtnY2SVk2Cg4g","PASS","","","2026-09-19","2026-09-24","","","3/4","10.00","","","","Coding & Software Engineering","","","","","","","","","","","","","","",""
"ComputerBench A Connector","Batch 1","CONN-B1-9000060","the-half-you-do-not-carry","the-half-you-do-not-carry","","Muhammad Khizer Tariq","","In Progress","","","","","","","2026-09-18","","","","","","","","","Coding & Software Engineering","","","","","","","","","","","","","","",""
"ComputerBench A Connector","Batch 1","CONN-B1-9000061","shipped-with-the-review-still-open","shipped-with-the-review-still-open","","Akash Dekate","","Rejected","","yes","","PASS","","","2026-09-20","2026-09-21","","","","","","","","Coding & Software Engineering","","","","","","","","","","","","","rejected","akash.d3@turing.com","2026-09-21"
"ComputerBench A Connector","Batch 1","CONN-B1-9000062","who-actually-landed-it","who-actually-landed-it","https://drive.google.com/file/d/1aZwajZKxwhh49JG-nGXL5wc9YvoCCeUk/view?usp=sharing","Akash Dekate","","Rejected","","yes","https://harbor-trainer-s2eobzrxbq-uc.a.run.app/trainer/api/run/evaluation-63d922388415430a/artifact?name=qc_report_v2.html&share=dJDaDB0NDX15eAeBQw65nhLrQtxzeFV9kP9KzwYKag4","PASS","","","2026-09-20","2026-09-21","","","2/4","8.00","","","","Coding & Software Engineering","","","","","","","","","","","","","rejected","akash.d3@turing.com","2026-09-21"
"ComputerBench A Connector","Batch 1","CONN-B1-9000063","where-her-changes-stand","where-her-changes-stand","","Sahil Garg","","Rejected","","Yes","https://harbor-trainer-s2eobzrxbq-uc.a.run.app/trainer/api/run/evaluation-f86ce263079d4273/artifact?name=qc_report_v2.html&share=7mBbzFoeDnwqC-E4bWsPaQ1BePsKDE05u9pZMd2WW54","PASS","","","2026-09-18","2026-09-19","Rejected","","3/4","6.00","","","","Coding & Software Engineering","","","","","","","","","","","","","rejected","sahil.garg-fx@turing.com","2026-09-20"
"ComputerBench A Connector","Batch 1","CONN-B1-9000064","who-let-this-one-in","who-let-this-one-in","https://drive.google.com/file/d/1d_pPkA3yeOhJifTGPk4zIRR54-XSY8j7/view?usp=sharing","Tsehayneh Sinishaw","","Accepted","","Yes","https://harbor-trainer-s2eobzrxbq-uc.a.run.app/trainer#task=content-e679f59c84bb7244b683e63d017e6272-v7","PASS","","","2026-09-21","2026-09-22","","","","","","","","Coding & Software Engineering","","","","","","","","","","","","","accepted","tsehayneh.t@turing.com","2026-09-22"
"ComputerBench A Connector","Batch 1","CONN-B1-9000065","who-still-owes-a-sign-off","who-still-owes-a-sign-off","who-still-owes-a-sign-off","Nadupalle Vedadri Harith","","Pending Finalization","","Yes","https://harbor-trainer-s2eobzrxbq-uc.a.run.app/trainer/api/run/evaluation-55d88ec045b44913/artifact?name=qc_report_v2.html&share=NcJmYtwyeSwLoWMNWGKlx40yUNoZq_fTzObstu76Ywk","PASS","","","9/23/2026 7:53:23","2026-09-26","","","2/4","10.00","","","","Coding & Software Engineering","","","","","","","","","","","","","accepted","nadupalle.h@turing.com","2026-09-26"
"ComputerBench A Connector","Batch 1","CONN-B1-9000066","the-plan-we-do-not-keep","the-plan-we-do-not-keep","","Ashutosh Mittal","","Accepted","","yes","","PASS","","","2026-09-18","2026-09-19","","","","","","","","Coding & Software Engineering","","","","","","","","","","","","","accepted","ashutosh.m3@turing.com","2026-09-19"
"ComputerBench A Connector","Batch 1","CONN-B1-9000067","the-reported-size-is-not-the-change","the-reported-size-is-not-the-change","https://drive.google.com/file/d/15COq3W_NGwcd-71CQTLUfBF2L_TpuW9_/view?usp=sharing","Tsehayneh Sinishaw","","Accepted","","yes","https://harbor-trainer-s2eobzrxbq-uc.a.run.app/trainer#task=content-772a23f70b3f5cf040fc3d7c46829bba-v2","PASS","","","2026-09-22","2026-09-22","","","2/4","","","","","Coding & Software Engineering","","","","","","","","","","","","","accepted","tsehayneh.t@turing.com","2026-09-23"
"ComputerBench A Connector","Batch 1","CONN-B1-9000069","the-safeguard-that-never-shipped","the-safeguard-that-never-shipped","","Ashutosh Mittal","","Accepted","","","","PASS","","","2026-09-19","2026-09-20","","","","","","","","Coding & Software Engineering","","","","","","","","","","","","","accepted","ashutosh.m3@turing.com","2026-09-21"
"ComputerBench A Connector","Batch 1","CONN-B1-9000070","the-leak-that-shipped-twice","the-leak-that-shipped-twice","","Ashutosh Mittal","","Rejected","","","","","","","2026-09-19","2026-09-20","","","","","","","","Coding & Software Engineering","","","","","","","","","","","","","rejected","ashutosh.m3@turing.com","2026-09-22"
"ComputerBench A Connector","Batch 1","CONN-B1-9000072","the-label-said-one-thing-and-meant-another","the-label-said-one-thing-and-meant-another","","","","Discarded","","","","","","","2026-09-22","","","","","","","","","Coding & Software Engineering","","","","","","","","","","","","","","",""
"ComputerBench A Connector","Batch 1","CONN-B1-9000073","the-fix-that-never-closed","the-fix-that-never-closed","","Sahil Garg","","Rejected","","Yes","https://harbor-trainer-s2eobzrxbq-uc.a.run.app/trainer/api/run/evaluation-7734eb692da34c82/artifact?name=qc_report_v2.html&share=dgD_144ugOUQg-RWrxDGlzlr8GC2gcxPctVUpMQH8-Q","PASS","","","2026-09-19","2026-09-19","Rejected","","3/4","4.00","","","","Coding & Software Engineering","","","","","","","","","","","","","rejected","sahil.garg-fx@turing.com","2026-09-24"
"ComputerBench A Connector","Batch 1","CONN-B1-9000074","the-path-is-not-the-coverage","the-path-is-not-the-coverage","https://drive.google.com/file/d/1dP9EDjw0BD5bjTW5Vdgbbpv0JVEwUIDG/view?usp=sharing","Ahsan Raza","","Pending Finalization","","Yes","https://harbor-trainer-s2eobzrxbq-uc.a.run.app/trainer/api/run/evaluation-afce59faaab94496/artifact?name=qc_report_v2.html&share=Qx-K7Yw9fFJMqbweCIeVdGsu7CdRuTBd73hsNrcbtqM","PASS","","","2026-09-26","2026-09-27","Submitted the task with 2/4 pass rate","","2/4","","","","","Coding & Software Engineering","","","","","","","","","","","","","accepted","ahsan.r4@turing.com","2026-09-27"
"ComputerBench A Connector","Batch 1","CONN-B1-9000075","the-check-that-never-turned-green","the-check-that-never-turned-green","","Akash Dekate","","Pending Finalization","","yes","","PASS","","","2026-09-21","2026-09-24","","","","","","","","Coding & Software Engineering","","","","","","","","","","","","","","",""
"ComputerBench A Connector","Batch 1","CONN-B1-9000076","the-fix-that-never-shipped","the-fix-that-never-shipped","","Sahil Garg","","In Progress","","Yes","","","","","2026-09-19","2026-09-19","","","","","","","","Coding & Software Engineering","","","","","","","","","","","","","","",""
"ComputerBench A Connector","Batch 1","CONN-B1-9000077","the-comment-count-is-not-the-comments","the-comment-count-is-not-the-comments","","Sahil Garg","","Rejected","","Yes","https://harbor-trainer-s2eobzrxbq-uc.a.run.app/trainer/api/run/evaluation-0af5fd321cf84480/artifact?name=qc_report_v2.html&share=ecoxFR8Itsd4MIvOpy--6mnW6OAGzLpbk7I6DdrNVmM","PASS","","","2026-09-19","2026-09-19","Pipeline Error","","","3.00","","","","Coding & Software Engineering","","","","","","","","","","","","","rejected","sahil.garg-fx@turing.com","2026-09-26"
"ComputerBench A Connector","Batch 1","CONN-B1-9000078","the-crash-went-away-because-the-check-did","the-crash-went-away-because-the-check-did","https://drive.google.com/drive/folders/1tG3U-Tlra6HHdJGSxk3mitzeA3znVioF?usp=sharing","Navendu Mishra","","Pending Finalization","","YES","https://harbor-trainer-s2eobzrxbq-uc.a.run.app/trainer/api/run/0de45fcdb6354780b161193e15a323e4/artifact?name=qc_report.html&share=foBPQjQiyuhXT-Llcsusp_xzm1L8FqgPWyuOZRBoVgk","PASS","","","2026-09-19","2026-09-25","","","3/4","4.00","","","","Coding & Software Engineering","","","","","","","","","","","","","accepted","navendu.m@turing.com","2026-09-26"
"ComputerBench A Connector","Batch 1","CONN-B1-9000079","the-comment-that-got-approved-anyway","the-comment-that-got-approved-anyway","","Akash Dekate","","Rejected","","yes","","PASS","","","2026-09-21","2026-09-21","","","","","","","","Coding & Software Engineering","","","","","","","","","","","","","rejected","akash.d3@turing.com","2026-09-22"
"ComputerBench A Connector","Batch 1","CONN-B1-9000080","the-bug-that-got-filed-twice","the-bug-that-got-filed-twice","","Akash Dekate","","Pending Finalization","","yes","","PASS","","","2026-09-21","2026-09-24","","","","","","","","Coding & Software Engineering","","","","","","","","","","","","","","",""
"ComputerBench A Connector","Batch 1","CONN-B1-9000081","the-backlog-we-can-actually-work","the-backlog-we-can-actually-work","","Akash Dekate","","Rejected","","yes","https://harbor-trainer-s2eobzrxbq-uc.a.run.app/trainer/api/run/evaluation-465a0eac57a6451a/artifact?name=qc_report_v2.html&share=laHHriX73DwGjbqXs9XyhKdMUUh50Vj2hqcquJWS-sE","PASS","","","2026-09-21","2026-09-21","","","1/4","","","","","Coding & Software Engineering","","","","","","","","","","","","","rejected","akash.d3@turing.com","2026-09-22"
"ComputerBench A Connector","Batch 1","CONN-B1-9000082","approved-anyway","approved-anyway","https://drive.google.com/file/d/1FOkj_ntlzxS4bV3yjMWDGkKprVk0rA4d/view?usp=sharing","Akash Dekate","","Accepted","","yes","https://harbor-trainer-s2eobzrxbq-uc.a.run.app/trainer/api/run/evaluation-15db0461971d41ba/artifact?name=qc_report_vA2.html&share=pgzfbYWKr3y-4xYKAdDqhphgsxQDNbDKkX6Dsbko3nA","PASS","","","2026-09-21","2026-09-22","","","3/4","12.00","","","","Coding & Software Engineering","","","","","","","","","","","","","accepted","akash.d3@turing.com","2026-09-22"
"ComputerBench A Connector","Batch 1","CONN-B1-9000083","nobody-came-down-either-way","nobody-came-down-either-way","nobody-came-down-either-way.zip","Sahil Garg","","Accepted","","Yes","https://harbor-trainer-s2eobzrxbq-uc.a.run.app/trainer/api/run/evaluation-df108bc64ce74a18/artifact?name=qc_report_v2.html&share=QpiZR8U_N1IoRSYFRSiSerUD3Mc3CjcKG1LQPQuKUag","PASS","","","2026-09-19","2026-09-19","","","3/4","3.00","","","","Coding & Software Engineering","","","","","","","","","","","","","accepted","sahil.garg-fx@turing.com","2026-09-20"
"ComputerBench A Connector","Batch 1","CONN-B1-9000084","signed-off-by-the-reviewer-who-raised-it","signed-off-by-the-reviewer-who-raised-it","","Nadupalle Vedadri Harith","","In Progress","","","","","","","2026-09-26","","","","","","","","","Coding & Software Engineering","","","","","","","","","","","","","","",""
"ComputerBench A Connector","Batch 1","CONN-B1-9000085","how-much-was-actually-said","how-much-was-actually-said"," https://drive.google.com/drive/folders/1bXzaevI9x5ctRl7Jpg1ypJziFvnzbvdC?usp=drive_link","ALLEPU NITHISHA","","Accepted","","Yes","https://harbor-trainer-s2eobzrxbq-uc.a.run.app/trainer/api/run/evaluation-0aa95f47b77e4c79/artifact?name=qc_report_v2.html&share=fmd_jql-tRGr6jeC8-faTnjU0GFENDqR7E5Y7xIWbmE","PASS","","","2026-09-19","2026-09-21","                          Accepted","","3/4","12.00","","","","Coding & Software Engineering","","","","","","","","","","","","","accepted","allepu.n@turing.com","2026-09-21"
"ComputerBench A Connector","Batch 1","CONN-B1-9000086","a-green-review-is-not-a-green-light","a-green-review-is-not-a-green-light","","","","","","Yes","","","","","","","","","1/4","","","","","Coding & Software Engineering","","","","","","","","","","","","","rejected","tsehayneh.t@turing.com","2026-09-26"
"ComputerBench A Connector","Batch 1","CONN-B1-9000087","nothing-came-of-it","nothing-came-of-it","","ALLEPU NITHISHA","","Pending Finalization","","Yes","","PASS","","","2026-09-17","2026-09-24","","","2/4","16.00","","","","Coding & Software Engineering","","","","","","","","","","","","","rejected","allepu.n@turing.com","2026-09-26"
"ComputerBench A Connector","Batch 1","CONN-B1-9000088","nobody-picked-this-up","nobody-picked-this-up","","Sahil Garg","","Rejected","","Yes","","","","","2026-09-19","2026-09-20","","","","","","","","Coding & Software Engineering","","","","","","","","","","","","","rejected","sahil.garg-fx@turing.com","2026-09-24"
"ComputerBench A Connector","Batch 1","CONN-B1-9000089","the-body-said-otherwise","the-body-said-otherwise","","ALLEPU NITHISHA","","Pending Finalization","","","https://harbor-trainer-s2eobzrxbq-uc.a.run.app/trainer/api/run/evaluation-51c920b3413a4a4c/artifact?name=qc_report_v2.html&share=avYeJna4Bejw_nMGWqdkWey9P0Eb1k6Qdyoz2vafLVc","PASS","","","2026-09-21","2026-09-25","","","","","","","","Coding & Software Engineering","","","","","","","","","","","","","rejected","allepu.n@turing.com","2026-09-26"
"ComputerBench A Connector","Batch 1","CONN-B1-9000090","the-people-who-were-only-ever-copied","the-people-who-were-only-ever-copied","","","","Discarded","","","","","","","2026-09-23","","","","","","","","","General / cross-domain knowledge work","","","","","","","","","","","","","","",""
"ComputerBench A Connector","Batch 1","CONN-B1-9000091","the-yes-that-never-came","the-yes-that-never-came","the-yes-that-never-came.zip","Sahil Garg","","Accepted","","Yes","https://harbor-trainer-s2eobzrxbq-uc.a.run.app/trainer/api/run/evaluation-fc71bceb04364aa0/artifact?name=qc_report_v2.html&share=fqlwsm-WLDuBF193SrZf1mM1VAAs8dky9lLfnXpkcdA","PASS","","","2026-09-19","2026-09-19","","","2/4","3.00","","","","Coding & Software Engineering","","","","","","","","","","","","","accepted","sahil.garg-fx@turing.com","2026-09-20"
"ComputerBench A Connector","Batch 1","CONN-B1-9000092","the-two-things-that-slipped-through","the-two-things-that-slipped-through","","Ahsan Raza","","In Progress","","","","","","","2026-09-27","","","","","","","","","Business & Strategy","","","","","","","","","","","","","","",""
"ComputerBench A Connector","Batch 1","CONN-B1-9000093","the-reply-that-was-already-sent","the-reply-that-was-already-sent","https://drive.google.com/file/d/1_9PCfjgaykkTBEr4mla3uS_-uyQNxSVv/view?usp=sharing","Apsiya Patan","","In Progress","","Yes","https://qc-api-713053229214.us-central1.run.app/api/run/delivery-ad511c57/artifact?name=qc_report_v2.html","PASS","","","2026-09-18","2026-09-22","Accepted","","3/4","12.00","","","","Business & Strategy","","","","","","","","","","","","","","",""
"ComputerBench A Connector","Batch 1","CONN-B1-9000094","the-places-my-diary-would-not-hand-over","the-places-my-diary-would-not-hand-over","","AISHWARY JAIN","","In Progress","","","","","","","2026-09-28","","","","","","","","","General / cross-domain knowledge work","","","","","","","","","","","","","","",""
"ComputerBench A Connector","Batch 1","CONN-B1-9000095","the-meeting-that-was-never-really-mine","the-meeting-that-was-never-really-mine","","Ashutosh Mittal","","Accepted","","","","PASS","","","2026-09-20","2026-09-21","","","","","","","","Business & Strategy","","","","","","","","","","","","","accepted","ashutosh.m3@turing.com","2026-09-21"
"ComputerBench A Connector","Batch 1","CONN-B1-9000096","the-forward-that-never-happened","the-forward-that-never-happened","","Ashutosh Mittal","","Rejected","","","","","","","2026-09-20","2026-09-21","","","","","","","","Business & Strategy","","","","","","","","","","","","","rejected","ashutosh.m3@turing.com","2026-09-23"
"ComputerBench A Connector","Batch 1","CONN-B1-9000097","the-diary-that-fills-itself","the-diary-that-fills-itself","","PRANJAL VASHISTH","","In Progress","","Yes","","","","","2026-09-20","","","","1/4","","","","","General / cross-domain knowledge work","","","","","","","","","","","","","","",""
"ComputerBench A Connector","Batch 1","CONN-B1-9000098","the-answer-that-never-left-the-drafts","the-answer-that-never-left-the-drafts","","Sahil Garg","","Rejected","","Yes","https://harbor-trainer-s2eobzrxbq-uc.a.run.app/trainer/api/run/evaluation-994c93a0f1d64780/artifact?name=qc_report_v2.html&share=iMYyOc1jDSDQXkqPRVmeaA-j7ImQ83d7ABvc91Q_Dds","PASS","","","2026-09-19","2026-09-19","Pipeline Error","","","5.00","","","","General / cross-domain knowledge work","","","","","","","","","","","","","rejected","sahil.garg-fx@turing.com","2026-09-22"
"ComputerBench A Connector","Batch 1","CONN-B1-9000099","the-draft-that-outlived-the-thread","the-draft-that-outlived-the-thread","the-draft-that-outlived-the-thread.zip","Sahil Garg","","Accepted","","Yes","https://harbor-trainer-s2eobzrxbq-uc.a.run.app/trainer/api/run/evaluation-95198bd61c824c3a/artifact?name=qc_report_v2.html&share=E926K7l0K4tfkEAgKfRE2g-PQ99HhSK0XzGRM-kHyYk","PASS","","","2026-09-19","2026-09-20","","","","4.00","","","","Business & Strategy","","","","","","","","","","","","","accepted","sahil.garg-fx@turing.com","2026-09-20"
"ComputerBench A Connector","Batch 1","CONN-B1-9000100","the-meeting-that-lost-its-quorum","the-meeting-that-lost-its-quorum","","Smriti Singh","","In Progress","","","","","","","","","","","","","","","","Business & Strategy","","","","","","","","","","","","","","",""
"ComputerBench A Connector","Batch 1","CONN-B1-9000101","the-campaign-the-calendar-would-not-hand-over","the-campaign-the-calendar-would-not-hand-over","","SADDAM HUSSAIN","","In Progress","","","","","","","2026-09-28","","","","","","","","","General / cross-domain knowledge work","","","","","","","","","","","","","","",""
"ComputerBench A Connector","Batch 1","CONN-B1-9000103","the-diary-answers-for-nobody","the-diary-answers-for-nobody","the-diary-answers-for-nobody.zip","Sahil Garg","","Accepted","","Yes","https://harbor-trainer-s2eobzrxbq-uc.a.run.app/trainer/api/run/evaluation-8cf9257ebd904813/artifact?name=qc_report_v2.html&share=C6f8DFs7LFn5650NQeT2S09L1BjmsRcw6LmGWNaiRsE","PASS","","","2026-09-20","2026-09-20","","","3/4","5","","","","Finance & Accounting","","","","","","","","","","","","","accepted","sahil.garg-fx@turing.com","2026-09-20"
"ComputerBench A Connector","Batch 1","CONN-B1-9000104","the-inbox-was-not-the-mailbox","the-inbox-was-not-the-mailbox","the-inbox-was-not-the-mailbox","Ahmed ELKHOLY","","Pending Finalization","","Yes","","PASS","","","2026-09-21","2026-09-26","","","1/4","","","","","General / cross-domain knowledge work","","","","","","","","","","","","","rejected","ahmed.e20@turing.com","2026-09-28"
"ComputerBench A Connector","Batch 2","CONN-B2-9000105","the-lights-are-still-on","the-lights-are-still-on","","ALLEPU NITHISHA","","Pending Finalization","","","","PASS","","","2026-09-22","2026-09-26","","","","","","","","Coding & Software Engineering","","","","","","","","","","","","","accepted","allepu.n@turing.com","2026-09-26"
"ComputerBench A Connector","Batch 2","CONN-B2-9000108","what-the-saved-queries-were-watching","what-the-saved-queries-were-watching","","Tsehayneh Sinishaw","","Accepted","","yes","https://harbor-trainer-s2eobzrxbq-uc.a.run.app/trainer/api/run/evaluation-f3a4108ce534446a/artifact?name=qc_report_v2.html&share=j8tHBwQQnjWopKigLLRUJolt563Hs3mDokvMdc7InpA","PASS","","","2026-09-20","2026-09-22","","","1/4","10","","","","Coding & Software Engineering","","","","","","","","","","","","","accepted","tsehayneh.t@turing.com","2026-09-22"
"ComputerBench A Connector","Batch 2","CONN-B2-9000110","the-endpoints-nobody-wired-to-sentry","the-endpoints-nobody-wired-to-sentry","https://drive.google.com/file/d/1qddV4wqLBJeQ6W5BL_onv4Y-46nVIGom/view?usp=sharing","Ahsan Raza","","Accepted","","YES","https://harbor-trainer-s2eobzrxbq-uc.a.run.app/trainer/api/run/evaluation-4b85495a1b72431b/artifact?name=qc_report_v2.html&share=mAXH3YvEjU0FpL3-QFphr_g87P-9oOHNmi1azdDhlfg","PASS","","","9/20/2026","9/20/2026","","","","7","","","","Coding & Software Engineering","","","","","","","","","","","","","accepted","ahsan.r4@turing.com","2026-09-20"
"ComputerBench A Connector","Batch 2","CONN-B2-9000111","the-endpoint-that-was-never-written","the-endpoint-that-was-never-written","","Sahil Garg","","Rejected","","Yes","https://harbor-trainer-s2eobzrxbq-uc.a.run.app/trainer/api/run/evaluation-244364d7c3454602/artifact?name=qc_report_v2.html&share=npFCqVh3peOnlS602Y2qm0VIwmjJbMmqK-PK9BV5BtI","PASS","","","2026-09-20","2026-09-22","Rejected","","1/4","8","","","","Coding & Software Engineering","","","","","","","","","","","","","rejected","sahil.garg-fx@turing.com","2026-09-22"
"ComputerBench A Connector","Batch 2","CONN-B2-9000114","functions-nobody-checks-a-token-for","functions-nobody-checks-a-token-for","","Ian Gatheru","","In Progress","","","","","","","2026-09-22","","","","","","","","","Coding & Software Engineering","","","","","","","","","","","","","","",""
"ComputerBench A Connector","Batch 2","CONN-B2-9000115","the-endpoints-that-never-ask-for-a-token","the-endpoints-that-never-ask-for-a-token","","Sahil Garg","","Rejected","","Yes","https://harbor-trainer-s2eobzrxbq-uc.a.run.app/trainer/api/run/evaluation-c75ddab4fcf842de/artifact?name=qc_report_v2.html&share=70gYVa4E8duzuoK1I6Ril0AS3pqsMlQmLfEkXC3EwbU","PASS","","","9/21/2026","9/21/2026","Rejected","","3/4","6","","","","Coding & Software Engineering","","","","","","","","","","","","","rejected","sahil.garg-fx@turing.com","2026-09-21"
"ComputerBench A Connector","Batch 2","CONN-B2-9000117","a-map-of-what-is-already-there","a-map-of-what-is-already-there","a-map-of-what-is-already-there.zip","Sahil Garg","","Accepted","","Yes","https://harbor-trainer-s2eobzrxbq-uc.a.run.app/trainer/api/run/evaluation-22eceffadead4330/artifact?name=qc_report_v2.html&share=ZZ_KNa4G9C5z9hXmGAXu5S-6RWev1PFJdIuGr5j6nPs","PASS","","","2026-09-21","2026-09-21","","","3/4","5","","","","Coding & Software Engineering","","","","","","","","","","","","","accepted","sahil.garg-fx@turing.com","2026-09-22"
"ComputerBench A Connector","Batch 2","CONN-B2-9000121","three-marts-gone-cold","three-marts-gone-cold","","Ashutosh Mittal","","Accepted","","","","","","","2026-09-21","2026-09-23","","","","","","","","Coding & Software Engineering","","","","","","","","","","","","","accepted","ashutosh.m3@turing.com","2026-09-23"
"ComputerBench A Connector","Batch 2","CONN-B2-9000123","whose-clock-are-we-on","whose-clock-are-we-on","whose-clock-are-we-on-r4-g2-local-qc.zip","David Adeteye","","In Progress","","yes","local qc, report in zipped folder","PASS","","","2026-09-20","2026-09-21","","","3/4","","","","","General / cross-domain knowledge work","","","","","","","","","","","","","","",""
"ComputerBench A Connector","Batch 2","CONN-B2-9000126","who-in-here-is-actually-a-guest","who-in-here-is-actually-a-guest","","","","","","","","","","","","","","","","","","","","General / cross-domain knowledge work","","","","","","","","","","","","","","",""
"ComputerBench A Connector","Batch 2","CONN-B2-9000127","the-room-never-says-what-they-are","the-room-never-says-what-they-are","the-room-never-says-what-they-are.zip","Sahil Garg","","Accepted","","Yes","https://harbor-trainer-s2eobzrxbq-uc.a.run.app/trainer/api/run/evaluation-ab6c4dacdbee4f6e/artifact?name=qc_report_v2.html&share=FHOq8eoiFUq-105tcQwusMJy5-C6lYuVVABYMJ9S9WE","PASS","","","2026-09-21","2026-09-22","","","3/4","5","","","","Coding & Software Engineering","","","","","","","","","","","","","accepted","sahil.garg-fx@turing.com","2026-09-22"
"ComputerBench A Connector","Batch 2","CONN-B2-9000129","the-room-does-not-say-who-they-are","the-room-does-not-say-who-they-are","","Smriti Singh","","In Progress","","","","","","","","","","","","","","","","Coding & Software Engineering","","","","","","","","","","","","","","",""
"ComputerBench A Connector","Batch 2","CONN-B2-9000131","who-is-actually-answering","who-is-actually-answering","","Apsiya Patan","","In Progress","","","","","","","2026-09-22","","","","","","","","","Coding & Software Engineering","","","","","","","","","","","","","","",""
"ComputerBench A Connector","Batch 2","CONN-B2-9000132","the-only-person-who-answered-is-out","the-only-person-who-answered-is-out","","","","","","","","","","","","","","","","","","","","General / cross-domain knowledge work","","","","","","","","","","","","","","",""
"ComputerBench A Connector","Batch 2","CONN-B2-9000133","who-answered-from-outside","who-answered-from-outside","","NKWACHUKWU CHUKA OKEKE (Chuka Okeke)","","In Progress","","","","","","","2026-09-27","","","","","","","","","Coding & Software Engineering","","","","","","","","","","","","","","",""
"ComputerBench A Connector","Batch 2","CONN-B2-9000134","where-our-shared-material-ended-up","where-our-shared-material-ended-up","","","","Discarded","","Yes","","","","","2026-09-25","","","","","","","","","Coding & Software Engineering","","","","","","","","","","","","","","",""
"ComputerBench A Connector","Batch 2","CONN-B2-9000137","nobody-in-the-listing-answered","nobody-in-the-listing-answered","","Ashutosh Mittal","","Rejected","","","","","","","2026-09-21","2026-09-21","","","","","","","","Coding & Software Engineering","","","","","","","","","","","","","rejected","ashutosh.m3@turing.com","2026-09-21"
"ComputerBench A Connector","Batch 2","CONN-B2-9000139","raised-and-nobody-came-back","raised-and-nobody-came-back","","Ashutosh Mittal","","Accepted","","yes","QC report — content-c4246ab79a3a08e00ac262cfe7539f61-v3","PASS","","","9/21/2026","9/21/2026","","","3/4","","","","","Coding & Software Engineering","","","","","","","","","","","","","accepted","ashutosh.m3@turing.com","2026-09-21"
"ComputerBench A Connector","Batch 2","CONN-B2-9000140","leaning-on-people-who-are-out","leaning-on-people-who-are-out","","","","","","","","","","","","","","","","","","","","General / cross-domain knowledge work","","","","","","","","","","","","","","",""
"ComputerBench A Connector","Batch 2","CONN-B2-9000141","only-the-integrations-answered","only-the-integrations-answered","only-the-integrations-answered-preqc-cleared.zip","Shahryar Akbar","","Accepted","","yes","https://harbor-trainer-s2eobzrxbq-uc.a.run.app/trainer/api/run/evaluation-7a16ad726c994f12/artifact?name=qc_report_v2.html&share=RNs9aot3tZBrtd0TKIlhGjRzddR0P7-RZTuOgAI4zpw","PASS","","","9/21/2026","9/22/2026","","","2/4","","","","","Coding & Software Engineering","","","","","","","","","","","","","accepted","shahryar.a1@turing.com","2026-09-24"
"ComputerBench A Connector","Batch 2","CONN-B2-9000143","half-of-it-is-machinery","half-of-it-is-machinery","","Ashutosh Mittal","","Accepted","","yes","https://harbor-trainer-s2eobzrxbq-uc.a.run.app/trainer/api/run/evaluation-fe33840ec0c54a","PASS","","","9/21/2026","9/21/2026","","","","6","","","","Coding & Software Engineering","","","","","","","","","","","","","accepted","ashutosh.m3@turing.com","2026-09-21"
"ComputerBench A Connector","Batch 2","CONN-B2-9000146","who-has-been-sitting-in-these-meetings","who-has-been-sitting-in-these-meetings","https://drive.google.com/file/d/1iVLWF2rhcE-2AZQyTcJ4eKhQZi7_EEJ_/view?usp=drive_link","","","Rejected","","","","PASS","","","","","Tried 6 different variatios and in exccepted band but as soon as i run QC it become either 0/4 or 4/4 ","","","","","","","Coding & Software Engineering","","","","","","","","","","","","","rejected","abhishek.y@turing.com","2026-09-17"
"ComputerBench A Connector","Batch 2","CONN-B2-9000147","the-people-i-only-know-from-a-meeting","the-people-i-only-know-from-a-meeting","","","","","","","","","","","","","","","","","","","","General / cross-domain knowledge work","","","","","","","","","","","","","","",""
"ComputerBench A Connector","Batch 2","CONN-B2-9000149","the-tags-that-never-made-the-diary","the-tags-that-never-made-the-diary","","Ashutosh Mittal","","Accepted","","yes","QC report — content-2af0174b4b7d52837b1fff63a2702926-v1","PASS","","","9/21/2026","9/21/2026","","","3/4","8","","","","General / cross-domain knowledge work","","","","","","","","","","","","","accepted","ashutosh.m3@turing.com","2026-09-22"
"ComputerBench A Connector","Batch 2","CONN-B2-9000150","mail-from-people-i-have-never-met","mail-from-people-i-have-never-met","","Tsehayneh Sinishaw","","In Progress","","","","","","","9/28/2026","","","","","","","","","General / cross-domain knowledge work","","","","","","","","","","","","","","",""
"ComputerBench A Connector","Batch 2","CONN-B2-9000151","the-where-line-is-not-the-link","the-where-line-is-not-the-link","","","","","","","","","","","","","","","","","","","","General / cross-domain knowledge work","","","","","","","","","","","","","","",""
"ComputerBench A Connector","Batch 2","CONN-B2-9000152","the-answer-that-came-before-the-ask","the-answer-that-came-before-the-ask","","","","Rejected","","YES","","PASS","","","","","","","","","","","","Coding & Software Engineering","","","","","","","","","","","","","rejected","tsehayneh.t@turing.com","2026-09-17"
"ComputerBench A Connector","Batch 2","CONN-B2-9000156","the-confirmation-i-never-sent","the-confirmation-i-never-sent","the-confirmation-i-never-sent","Niteesh B","","Pending Finalization","","Yes","https://harbor-trainer-s2eobzrxbq-uc.a.run.app/trainer/api/run/evaluation-b5a83014177e4396/artifact?name=qc_report_v2.html&share=SB4dkLNkR_HUXBaYP0-EO6HqFO_I1yYL8SXQsp5m4sk","PASS","","","9/26/2026","2026-09-26","","","1/4","6","","","","Coding & Software Engineering","","","","","","","","","","","","","rejected","niteesh.b@turing.com","2026-09-26"
"ComputerBench A Connector","Batch 2","CONN-B2-9000158","still-waiting-on-a-reply","still-waiting-on-a-reply","https://drive.google.com/drive/folders/1fb1KMjVJVNYLOXCNQJDy5IwkOAVTKJrM?usp=drive_link","ALLEPU NITHISHA","","Pending Finalization","","Yes","https://harbor-trainer-s2eobzrxbq-uc.a.run.app/trainer/api/run/evaluation-22dec5d8ab674736/artifact?name=qc_report_v2.html&share=N1h1w6xTp0V_n6CYc_jplnAkffwvJ-5xymU7hpXe7hw","PASS","","","9/25/2026","9/26/2026","","","3/4","6","","","","Coding & Software Engineering","","","","","","","","","","","","","accepted","allepu.n@turing.com","2026-09-26"
"ComputerBench A Connector","Batch 2","CONN-B2-9000160","who-is-still-talking-in-here","who-is-still-talking-in-here","","PIPER MICHAEL","","Pending Finalization","","","","","","","9/23/2026","9/27/2026","","","","","","","","Coding & Software Engineering","","","","","","","","","","","","","","",""
"ComputerBench A Connector","Batch 2","CONN-B2-9000161","who-wrote-while-i-was-heads-down","who-wrote-while-i-was-heads-down","","PIPER MICHAEL","","Pending Finalization","","","","","","","9/26/2026","9/27/2026","","","","","","","","Coding & Software Engineering","","","","","","","","","","","","","","",""
"ComputerBench A Connector","Batch 2","CONN-B2-9000162","writing-in-a-chat-that-is-not-theirs","writing-in-a-chat-that-is-not-theirs","","PIPER MICHAEL","","Pending Finalization","","","","","","","9/27/2026","9/27/2026","","","","","","","","Coding & Software Engineering","","","","","","","","","","","","","","",""
"ComputerBench A Connector","Batch 2","CONN-B2-9000163","who-is-actually-waiting-on-me","who-is-actually-waiting-on-me","","PIPER MICHAEL","","Pending Finalization","","","","","","","9/27/2026","9/27/2026","","","","","","","","Coding & Software Engineering","","","","","","","","","","","","","","",""
"ComputerBench A Connector","Batch 2","CONN-B2-9000164","the-riley-patel-i-keep-missing","the-riley-patel-i-keep-missing","https://drive.google.com/file/d/1Q5UdipQTVJx6Alx0_haPUdvcOxO3PNwv/view?usp=drive_link","SADDAM HUSSAIN","","Accepted","","Yes","https://harbor-trainer-s2eobzrxbq-uc.a.run.app/trainer#task=content-34afcb67cdd4748d3bfd14629ef05ecc-v1","PASS","","","2026-09-21","2026-09-22","","","1/4","","","","","Coding & Software Engineering","","","","","","","","","","","","","accepted","saddam.h1@turing.com","2026-09-22"
"ComputerBench A Connector","Batch 2","CONN-B2-9000165","the-workspace-that-only-looks-busy","the-workspace-that-only-looks-busy","","PIPER MICHAEL","","Pending Finalization","","","","","","","9/27/2026","9/27/2026","","","","","","","","Coding & Software Engineering","","","","","","","","","","","","","","",""
"ComputerBench A Connector","Batch 2","CONN-B2-9000166","the-voices-that-are-not-on-the-thread","the-voices-that-are-not-on-the-thread","","PIPER MICHAEL","","Pending Finalization","","","","","","","9/27/2026","9/27/2026","","","","","","","","Coding & Software Engineering","","","","","","","","","","","","","","",""
"ComputerBench A Connector","Batch 2","CONN-B2-9000167","the-rooms-where-nothing-was-ever-said","the-rooms-where-nothing-was-ever-said","","PIPER MICHAEL","","In Progress","","","","","","","9/27/2026","","","","","","","","","Coding & Software Engineering","","","","","","","","","","","","","","",""
"ComputerBench A Connector","Batch 2","CONN-B2-9000168","nobody-checked-who-can-open-them","nobody-checked-who-can-open-them","","PIPER MICHAEL","","In Progress","","","","","","","2026-09-27","","","","","","","","","Coding & Software Engineering","","","","","","","","","","","","","rejected","piper.m@turing.com","2026-09-28"
"ComputerBench A Connector","Batch 2","CONN-B2-9000171","the-tags-that-named-nobody","the-tags-that-named-nobody","https://drive.google.com/file/d/176df6_c8kk2TFoaSbGWwx4H_okU_L3NJ/view?usp=drive_link","SADDAM HUSSAIN","","Accepted","","Yes","https://harbor-trainer-s2eobzrxbq-uc.a.run.app/trainer#task=content-d76bee442aeb1bd49158284e4ecfbff1-v7","PASS","","","9/23/2026","9/24/2026","Accepted at v7 after a multi-round QC cycle. Fixed: DM channel-id vs display-name ambiguity (Harbor Check), seen_in room-id vs post-id ambiguity (Final QC), and a row-content ""shotgun"" reward-hacking gap in 3 file_check configs — closed with 31 new xlsx.inspect_model exact-cell-value leaves, verified against a live probe workbook through the actual vendored verifier engine before shipping. v6 was also caught shipping stray __pycache__/.pyc bytecode from local testing (v7 strips it). All fixes documented in review.csv/README.md with regenerated instruction_sha256 per edit.","","","","","","","Coding & Software Engineering","","","","","","","","","","","","","accepted","saddam.h1@turing.com","2026-09-24"
"ComputerBench A Connector","Batch 2","CONN-B2-9000172","what-the-summariser-actually-gets","what-the-summariser-actually-gets","","Yousef Khaled Gouda","","In Progress","","","","","","","9/28/2026","","","","","","","","","General / cross-domain knowledge work","","","","","","","","","","","","","","",""
"ComputerBench A Connector","Batch 2","CONN-B2-9000174","what-the-handover-actually-hands-over","what-the-handover-actually-hands-over","what-the-handover-actually-hands-over-r3-local-qc.zipk","David Adeteye","","In Progress","","","","PASS","","","09-22-2026","09-24-2026","","","3/4","","","","","Coding & Software Engineering","","","","","","","","","","","","","","",""
"ComputerBench A Connector","Batch 2","CONN-B2-9000176","what-this-project-hangs-off","what-this-project-hangs-off","","Niteesh B","","In Progress","","","","","","","09-25-2026","","","","","","","","","Coding & Software Engineering","","","","","","","","","","","","","","",""
"ComputerBench A Connector","Batch 2","CONN-B2-9000177","what-the-cycle-actually-closed","what-the-cycle-actually-closed","","Niteesh B","","In Progress","","","","","","","09-26-2026","","","","","","","","","Coding & Software Engineering","","","","","","","","","","","","","","",""
"ComputerBench A Connector","Batch 2","CONN-B2-9000181","the-review-queue-nobody-drained","the-review-queue-nobody-drained","https://drive.google.com/drive/folders/177caGz2jsrdstptduOsOTpe9AgJhFOK6?usp=sharing","Navendu Mishra","","Pending Finalization","","YES","https://harbor-trainer-s2eobzrxbq-uc.a.run.app/trainer/api/run/9312b7bb59d34bd28733f67954e0dfe7/artifact?name=qc_report.html&share=30RmVYmkaPsxEerhKkvQtdhz-ifwZj0yCRZXZtQ42zQ","PASS","","","9/24/2026","9/25/2026","","","3/4","3","","","","Coding & Software Engineering","","","","","","","","","","","","","accepted","navendu.m@turing.com","2026-09-25"
"ComputerBench A Connector","Batch 2","CONN-B2-9000182","the-release-train-nobody-audited","the-release-train-nobody-audited","","David Adeteye","","In Progress","","","","","","","9/24/2026","","","","","","","","","Coding & Software Engineering","","","","","","","","","","","","","","",""
"ComputerBench A Connector","Batch 2","CONN-B2-9000185","counted-twice-shipped-once","counted-twice-shipped-once","counted-twice-shipped-once-r5-local-qc.zip","David Adeteye","","In Progress","","","","PASS","","","9/22/2026","9/24/2026","","","3/4","","","","","Coding & Software Engineering","","","","","","","","","","","","","","",""
"ComputerBench A Connector","Batch 2","CONN-B2-9000188","reviewers-who-never-said-a-word","reviewers-who-never-said-a-word","https://drive.google.com/drive/folders/1_Ogli2OKVbKwvV9A3BVv3UfxSyQnFGR0?usp=sharing","Navendu Mishra","","Pending Finalization","","YES","https://harbor-trainer-s2eobzrxbq-uc.a.run.app/trainer/api/run/ada5f4d49ef84d099e53a52daf9d1d8e/artifact?name=qc_report.html&share=u-_cp86o1ksEOSorxz9L-IUee93StpVtKL8_aNIoBoo","PASS","","","9/26/2026","9/28/2026","","","1/4","6","","","","Coding & Software Engineering","","","","","","","","","","","","","","",""
"ComputerBench A Connector","Batch 2","CONN-B2-9000191","waiting-on-the-reviewer","waiting-on-the-reviewer","https://drive.google.com/file/d/1E6wLya19ZlMac5QezIuij1uFJsiudLeo/view?usp=drive_link","AMIT JADHAV","","In Progress","","YES","https://harbor-trainer-s2eobzrxbq-uc.a.run.app/trainer#task=content-cb269f9628ba77a28e03105ab769ca44-v35","PASS","","","9/22/2026","9/26/2026","","","1/4","9","","","","Coding & Software Engineering","","","","","","","","","","","","","accepted","amit.j2@turing.com","2026-09-26"
"ComputerBench A Connector","Batch 2","CONN-B2-9000196","the-counter-is-not-the-backlog","the-counter-is-not-the-backlog","xthe-counter-is-not-the-backlog.zip","Muhammad Salman Iqbal","","Accepted","","","http://harbor-trainer-s2eobzrxbq-uc.a.run.app/trainer/api/run/evaluation-98592d11e1d541bf/artifact?name=qc_report_v2.html&share=4pa-5sP4nUE5lDqnKEGti1kCvQSBowzlKnqV9E_KYco","PASS","","","9/23/2026","9/25/2026","","","2/4","","","","","Coding & Software Engineering","","","","","","","","","","","","","accepted","muhammad.i16@turing.com","2026-09-25"
"ComputerBench A Connector","Batch 2","CONN-B2-9000198","the-fix-that-never-landed","the-fix-that-never-landed","","Mareeswaran Mareeswaran","","In Progress","","","","","","","2026-09-27","","","","","","","","","Coding & Software Engineering","","","","","","","","","","","","","","",""
"ComputerBench A Connector","Batch 2","CONN-B2-9000203","strangers-with-a-say","strangers-with-a-say","strangers-with-a-say.zip","Shahryar Akbar","","Accepted","","","https://harbor-trainer-s2eobzrxbq-uc.a.run.app/trainer/api/run/evaluation-f4c72492b6a84aab/artifact?name=qc_report_v2.html&share=yYgu0BsOZjzSB5TamoiuAxUz1g8AfYoNmEnNr_vYh3I","PASS","","","2026-09-24","2026-09-25","","","1/4","","","","","Coding & Software Engineering","","","","","","","","","","","","","accepted","shahryar.a1@turing.com","2026-09-25"
"ComputerBench A Connector","Batch 2","CONN-B2-9000205","nobody-read-this-before-it-landed","nobody-read-this-before-it-landed","nobody-read-this-before-it-landed.zip","Shahryar Akbar","","Pending Finalization","","","https://harbor-trainer-s2eobzrxbq-uc.a.run.app/trainer/api/run/evaluation-6711de84435243f7/artifact?name=qc_report_v2.html&share=8AnZQpRURaYJP95Ce0hgfRJLjA0SN70Gv43UjbaeOrw","PASS","","","9/24/2026","2026-09-25","","","3/4","","","","","Coding & Software Engineering","","","","","","","","","","","","","rejected","shahryar.a1@turing.com","2026-09-25"
"ComputerBench A Connector","Batch 2","CONN-B2-9000207","merged-but-never-shipped","merged-but-never-shipped","","David Adeteye","","In Progress","","","","","","","2026-09-24","","","","","","","","","Coding & Software Engineering","","","","","","","","","","","","","","",""
"ComputerBench A Connector","Batch 2","CONN-B2-9000211","what-the-inbox-left-out","what-the-inbox-left-out","what-the-inbox-left-out.zip","Shahryar Akbar","","Pending Finalization","","","https://harbor-trainer-s2eobzrxbq-uc.a.run.app/trainer/api/run/evaluation-ae07c3227c874ea1/artifact?name=qc_report_v2.html&share=gxfQiSETlcJ6kfIGy1p4IAB7QCKI56xJeYngWo3jUF8","PASS","","","2026-09-26","2026-09-26","","","3/4","","","","","Coding & Software Engineering","","","","","","","","","","","","","rejected","shahryar.a1@turing.com","2026-09-28"
"ComputerBench A Connector","Batch 2","CONN-B2-9000214","what-my-calendar-costs-everyone-else","what-my-calendar-costs-everyone-else","what-my-calendar-costs-everyone-else.zip","Muhammad Salman Iqbal","","Pending Finalization","","","https://harbor-trainer-s2eobzrxbq-uc.a.run.app/trainer/api/run/evaluation-eb7540fb5e9d49bd/artifact?name=qc_report_v2.html&share=_m8c2LJ5hRRnZa_tF3wzSv39NOU6KCl9L6gPqTREQYc","PASS","","","2026-09-25","9/28/2026","","","2/4","8.00","","","","General / cross-domain knowledge work","","","","","","","","","","","","","","",""
"ComputerBench A Connector","Batch 2","CONN-B2-9000215","what-i-kept-going-back-to","what-i-kept-going-back-to","what-i-kept-going-back-to.zip","AMIT JADHAV","","In Progress","","Yes","https://harbor-trainer-s2eobzrxbq-uc.a.run.app/trainer#task=content-7d482aee055c45b8e5f87c6db2f756f7-v8","PASS","","","2026-09-26","2026-09-27","","","2/4","6.00","","","","General / cross-domain knowledge work","","","","","","","","","","","","","accepted","amit.j2@turing.com","2026-09-27"
"ComputerBench A Connector","Batch 2","CONN-B2-9000216","the-half-of-my-week-i-did-not-book","the-half-of-my-week-i-did-not-book","","","","","","","","","","","","","","","","","","","","General / cross-domain knowledge work","","","","","","","","","","","","","","",""
"ComputerBench A Connector","Batch 2","CONN-B2-9000219","the-leaver-still-on-my-invites","the-leaver-still-on-my-invites","","AISHWARY JAIN","","In Progress","","","","","","","2026-09-28","","","","","","","","","General / cross-domain knowledge work","","","","","","","","","","","","","","",""
"ComputerBench A Connector","Batch 2","CONN-B2-9000222","the-notes-left-on-my-invites","the-notes-left-on-my-invites","","","","","","","","","","","","","","","","","","","","General / cross-domain knowledge work","","","","","","","","","","","","","","",""
"ComputerBench A Connector","Batch 2","CONN-B2-9000223","the-two-things-in-one-slot","the-two-things-in-one-slot","https://drive.google.com/drive/folders/1x9rc6GzcJVXwJhZxwIy_neYNDx17InN6?usp=sharing","Apsiya Patan","","In Progress","","Yes","","PASS","","","2026-09-15","2026-09-17","Pipeline Error","","","10.00","","","","General / cross-domain knowledge work","","","","","","","","","","","","","","",""
"ComputerBench A Connector","Batch 2","CONN-B2-9000225","the-days-my-week-actually-runs-on","the-days-my-week-actually-runs-on","","","","","","","","","","","","","","","","","","","","General / cross-domain knowledge work","","","","","","","","","","","","","","",""
"ComputerBench A Connector","Batch 2","CONN-B2-9000229","in-two-places-at-once-across-the-fortnight","in-two-places-at-once-across-the-fortnight","","","","","","","","","","","","","","","","","","","","General / cross-domain knowledge work","","","","","","","","","","","","","","",""
"ComputerBench A Connector","Batch 2","CONN-B2-9000231","ec8-where-my-fortnight-actually-goes","ec8-where-my-fortnight-actually-goes","","","","","","","","","","","","","","","","","","","","General / cross-domain knowledge work","","","","","","","","","","","","","","",""
"ComputerBench A Connector","Batch 2","CONN-B2-9000232","not-mine-to-move","not-mine-to-move","not-mine-to-move.zip","Shahryar Akbar","","Pending Finalization","","yes","https://harbor-trainer-s2eobzrxbq-uc.a.run.app/trainer/api/run/evaluation-d2ff33ad19594cfe/artifact?name=qc_report_v2.html&share=AUdCQipRTct7Uwt7oMDUFkRyTwrzOXWQ1RNZuPjql74","PASS","","","2026-09-26","2026-09-28","","","3/4","","","","","Coding & Software Engineering","","","","","","","","","","","","","rejected","shahryar.a1@turing.com","2026-09-28"
"ComputerBench A Connector","Batch 2","CONN-B2-9000233","hours-not-entries","hours-not-entries","","ALLEPU NITHISHA","","Pending Finalization","","","","","","","2026-09-26","2026-09-28","","","","","","","","General / cross-domain knowledge work","","","","","","","","","","","","","","",""
"ComputerBench A Connector","Batch 5","cb3_100389","atlanta-itinerary-settlement-standing-ranked","atlanta-itinerary-settlement-standing-ranked","atlanta-itinerary-settlement-standing-ranked","Monty Dimkpa","","Accepted","","YES","https://harbor-trainer-s2eobzrxbq-uc.a.run.app/trainer/api/run/evaluation-1ebd305f06a74915/artifact?name=qc_report_v2.html&share=MEf9PBsgkGFITbQ13B5ymdMbTfAUzOBS6vH39b482rw","PASS","","","2026-08-27","2026-09-09","","","2/4","","","","","","","","","","","","","","","","","","accepted","monty.d2@turing.com","2026-09-10"
"ComputerBench A Connector","Batch 5","cb3_100407","waiting-on-a-reviewer-who-is-waiting-on-you","waiting-on-a-reviewer-who-is-waiting-on-you","waiting-on-a-reviewer-who-is-waiting-on-you","Monty Dimkpa","","Accepted","","YES","https://harbor-trainer-s2eobzrxbq-uc.a.run.app/trainer/api/run/evaluation-602f004f61784401/artifact?name=qc_report_v2.html&share=PI3loV9jInPkMC8iqNYwIOXbuCVrVEEUeCP9jpwCOQQ","PASS","","","2026-08-26","2026-09-09","","","2/4","","","","","","","","","","","","","","","","","","accepted","monty.d2@turing.com","2026-09-10"
"ComputerBench A Connector","Batch 5","cb3_100413","two-standups-that-share-a-name","two-standups-that-share-a-name","two-standups-that-share-a-name","Monty Dimkpa","","In Progress","","YES","https://qc-api-713053229214.us-central1.run.app/api/run/delivery-1568e68f/artifact?name=qc_report.html","FAIL","","","","","","","","","","","","","","","","","","","","","","","","","","",""
"ComputerBench A Connector","Batch 3","CONN-B3-9000236","all-i-can-do-is-watch","all-i-can-do-is-watch","","Mareeswaran Mareeswaran","","Pending Finalization","","YES","https://harbor-trainer-s2eobzrxbq-uc.a.run.app/trainer/api/run/evaluation-6ee0ca068a9f40fb/artifact?name=qc_report_v2.html&share=8HgiZ2SnGStio9zEAYN5QisoVk_V9bVoc8l2G8MXsVQ","PASS","","","2026-09-28","2026-09-28","","","3/4","3.00","","","","Business & Strategy","","","","","","","","","","","","","accepted","mareeswaran.m1@turing.com","2026-09-28"
"ComputerBench A Connector","Batch 3","CONN-B3-9000238","answers-nobody-actually-gave","answers-nobody-actually-gave","","","","","","","","","","","","","","","","","","","","General / cross-domain knowledge work","","","","","","","","","","","","","","",""
"ComputerBench A Connector","Batch 3","CONN-B3-9000239","asked-once-and-never-answered","asked-once-and-never-answered","","Mareeswaran Mareeswaran","","In Progress","","","","","","","2026-09-28","","","","","","","","","Business & Strategy","","","","","","","","","","","","","","",""
"ComputerBench A Connector","Batch 3","CONN-B3-9000242","every-door-we-left-unlocked","every-door-we-left-unlocked","","","","","","","","","","","","","","","","","","","","Coding & Software Engineering","","","","","","","","","","","","","","",""
"ComputerBench A Connector","Batch 3","CONN-B3-9000243","feeds-nobody-wired","feeds-nobody-wired","feeds-nobody-wired.zip","NOOR UL AIN","","Pending Finalization","","YES","https://harbor-trainer-s2eobzrxbq-uc.a.run.app/trainer/api/run/evaluation-0526442ff8d04e87/artifact?name=qc_report_v2.html&share=6kCYhl_7pUeNzRQ_nHl9FsiNhb7D0Cb6be52PbBsFl0","PASS","","","2026-09-23","2026-09-27","","","1/4","","","","","Coding & Software Engineering","","","","","","","","","","","","","","",""
"ComputerBench A Connector","Batch 3","CONN-B3-9000244","filed-where-i-cannot-look","filed-where-i-cannot-look","","NOOR UL AIN","","In Progress","","","","","","","2026-09-28","","","","","","","","","Business & Strategy","","","","","","","","","","","","","","",""
"ComputerBench A Connector","Batch 3","CONN-B3-9000245","gh-the-findings-we-merged-past","gh-the-findings-we-merged-past","","NOOR UL AIN","","In Progress","","","","","","","2026-09-27","","","","","","","","","Coding & Software Engineering","","","","","","","","","","","","","","",""
"ComputerBench A Connector","Batch 3","CONN-B3-9000255","it-went-in-under-another-number","it-went-in-under-another-number","https://drive.google.com/file/d/1yg_4B2pU6QVkg9NRKcHHiSmL6sWJwOZE/view?usp=drive_link","Abhishek Yadav","","Accepted","","yes","https://harbor-trainer-s2eobzrxbq-uc.a.run.app/trainer/api/run/evaluation-8e805540f3ad4294/artifact?name=qc_report_v2.html&share=NLDiWIIXwKq-L9r-w4HBCX1CNcLFaxKXKxETqSwE2ow","PASS","","","2026-09-21","2026-09-22","","","2/4","8.00","","","","Coding & Software Engineering","","","","","","","","","","","","","accepted","abhishek.y@turing.com","2026-09-22"
"ComputerBench A Connector","Batch 3","CONN-B3-9000261","nobody-has-signed-this-off","nobody-has-signed-this-off","","SHARVESH Sureshkumar","","In Progress","","","","","","","2026-09-28","","","","","","","","","Finance & Accounting","","","","","","","","","","","","","","",""
"ComputerBench A Connector","Batch 3","CONN-B3-9000262","nobody-wrote-back","nobody-wrote-back","","Ashutosh Mittal","","In Progress","","","","","","","2026-09-28","","","","","","","","","Business & Strategy","","","","","","","","","","","","","","",""
"ComputerBench A Connector","Batch 3","CONN-B3-9000265","nothing-here-can-open-it","nothing-here-can-open-it","","Navendu Mishra","","In Progress","","","","","","","2026-09-28","","","","","","","","","Business & Strategy","","","","","","","","","","","","","","",""
"ComputerBench A Connector","Batch 3","CONN-B3-9000275","quietly-on-the-copy-line","quietly-on-the-copy-line","","ALLEPU NITHISHA","","In Progress","","","","","","","2026-09-27","","","","","","","","","Coding & Software Engineering","","","","","","","","","","","","","","",""
"ComputerBench A Connector","Batch 3","CONN-B3-9000276","reopened-where-nobody-looks","reopened-where-nobody-looks","","","","","","","","","","","","","","","","","","","","Business & Strategy","","","","","","","","","","","","","","",""
"ComputerBench A Connector","Batch 3","CONN-B3-9000280","sk3-p1-escalations-nobody-actually-owns","sk3-p1-escalations-nobody-actually-owns","","","","","","","","","","","","","","","","","","","","Technology & IT Operations","","","","","","","","","","","","","rejected","tsehayneh.t@turing.com","2026-09-25"
"ComputerBench A Connector","Batch 3","CONN-B3-9000281","sl4-channels-nobody-owns-anymore","sl4-channels-nobody-owns-anymore","","","","Discarded","","","","","","","2026-09-25","","","","","","","","","General / cross-domain knowledge work","","","","","","","","","","","","","","",""
"ComputerBench A Connector","Batch 3","CONN-B3-9000283","still-hanging-out-there","still-hanging-out-there","","","","","","","","","","","","","","","","","","","","General / cross-domain knowledge work","","","","","","","","","","","","","","",""
"ComputerBench A Connector","Batch 3","CONN-B3-9000284","still-waiting-on-a-yes","still-waiting-on-a-yes","","Bhargavi Shamuk","","In Progress","","","","","","","2026-09-23","","","","","","","","","General / cross-domain knowledge work","","","","","","","","","","","","","","",""
"ComputerBench A Connector","Batch 3","CONN-B3-9000286","the-answer-she-already-gave","the-answer-she-already-gave","","MUHAMMAD HASEEB YOUNAS","","In Progress","","","","","","","2026-09-28","","","","","","","","","General / cross-domain knowledge work","","","","","","","","","","","","","","",""
"ComputerBench A Connector","Batch 3","CONN-B3-9000287","the-answer-that-never-left","the-answer-that-never-left","","","","Rejected","","","","","","","","","","","","","","","","Coding & Software Engineering","","","","","","","","","","","","","rejected","sahil.garg-fx@turing.com","2026-09-22"
"ComputerBench A Connector","Batch 3","CONN-B3-9000288","the-asks-that-only-look-answered","the-asks-that-only-look-answered","","","","","","","","","","","","","","","","","","","","General / cross-domain knowledge work","","","","","","","","","","","","","","",""
"ComputerBench A Connector","Batch 3","CONN-B3-9000290","the-blocks-that-got-booked-over","the-blocks-that-got-booked-over","","Ashutosh Mittal","","In Progress","","","","","","","2026-09-28","","","","","","","","","Business & Strategy","","","","","","","","","","","","","","",""
"ComputerBench A Connector","Batch 3","CONN-B3-9000293","the-calendar-blocks-that-only-look-like-meetings","the-calendar-blocks-that-only-look-like-meetings","","Ahsan Raza","","Pending Finalization","","","","","","","2026-09-23","2026-09-24","","","","","","","","General / cross-domain knowledge work","","","","","","","","","","","","","rejected","ahsan.r4@turing.com","2026-09-25"
"ComputerBench A Connector","Batch 3","CONN-B3-9000295","the-channel-that-runs-itself","the-channel-that-runs-itself","","Tsehayneh Sinishaw","","Accepted","","yes","https://harbor-trainer-s2eobzrxbq-uc.a.run.app/trainer/api/run/evaluation-0fa7593efd0b4c6f/artifact?name=qc_report_v2.html&share=MZhcBn7LI8ASMqONw1b_NnJ1D3c1zdr-BFhgUPQ8wow","PASS","","","2026-09-23","2026-09-24","","","1/4","10.00","","","","Business & Strategy","","","","","","","","","","","","","accepted","tsehayneh.t@turing.com","2026-09-24"
"ComputerBench A Connector","Batch 3","CONN-B3-9000296","the-channel-view-does-not-say-it-changed","the-channel-view-does-not-say-it-changed","https://drive.google.com/file/d/1iVLWF2rhcE-2AZQyTcJ4eKhQZi7_EEJ_/view?usp=drive_link","Abhishek Yadav","","Accepted","","Yes","https://harbor-trainer-s2eobzrxbq-uc.a.run.app/trainer/api/run/evaluation-43c177bbc70246aa/artifact?name=qc_report_v2.html&share=YmntiXmK8JtVTROXoRlkLcf2m2IJ1siscS7EpAss73Y","PASS","","","2026-09-20","2026-09-21","","","3/4","10.00","","","","Coding & Software Engineering","","","","","","","","","","","","","accepted","abhishek.y@turing.com","2026-09-21"
"ComputerBench A Connector","Batch 3","CONN-B3-9000297","the-clock-my-diary-is-quoting","the-clock-my-diary-is-quoting","","","","","","","","","","","","","","","","","","","","General / cross-domain knowledge work","","","","","","","","","","","","","","",""
"ComputerBench A Connector","Batch 3","CONN-B3-9000298","the-comment-nobody-answered","the-comment-nobody-answered","","Rajoka Arslan","","In Progress","","","","","","","2026-09-28","","","","","","","","","General / cross-domain knowledge work","","","","","","","","","","","","","","",""
"ComputerBench A Connector","Batch 3","CONN-B3-9000299","the-confidential-meeting-with-an-outside-guest","the-confidential-meeting-with-an-outside-guest","","Usama Rehman","","In Progress","","","","","","","2026-09-28","","","","","","","","","General / cross-domain knowledge work","","","","","","","","","","","","","","",""
"ComputerBench A Connector","Batch 3","CONN-B3-9000300","the-conversations-still-waiting-on-me","the-conversations-still-waiting-on-me","","","","","","","","","","","","","","","","","","","","General / cross-domain knowledge work","","","","","","","","","","","","","","",""
"ComputerBench A Connector","Batch 3","CONN-B3-9000303","the-copy-we-kept-was-the-old-one","the-copy-we-kept-was-the-old-one","","","","","","","","","","","","","","","","","","","","Business & Strategy","","","","","","","","","","","","","","",""
"ComputerBench A Connector","Batch 3","CONN-B3-9000304","the-decline-that-still-asks-for-something","the-decline-that-still-asks-for-something","","","","","","","","","","","","","","","","","","","","General / cross-domain knowledge work","","","","","","","","","","","","","","",""
"ComputerBench A Connector","Batch 3","CONN-B3-9000305","the-download-that-came-back-empty","the-download-that-came-back-empty","https://drive.google.com/file/d/1G839QGasuQ4Y51S7Gj1pHxn-dYnvu5Rk/view?usp=sharing","Ahsan Raza","","Pending Finalization","","YES","https://harbor-trainer-s2eobzrxbq-uc.a.run.app/trainer/api/run/evaluation-fe005c8b6ef94d46/artifact?name=qc_report_v2.html&share=YF8hvrB5tAR4A3HO0r9aPehvcEdNdS2EJE8vQCB3vAg","PASS","","","2026-09-25","2026-09-25","","","2/4","12.00","","","","Business & Strategy","","","","","","","","","","","","","accepted","ahsan.r4@turing.com","2026-09-27"
"ComputerBench A Connector","Batch 3","CONN-B3-9000306","the-edit-no-version-remembers","the-edit-no-version-remembers","","","","","","","","","","","","","","","","","","","","Business & Strategy","","","","","","","","","","","","","","",""
"ComputerBench A Connector","Batch 3","CONN-B3-9000310","the-function-that-shipped-without-a-lock","the-function-that-shipped-without-a-lock","","","","","","","","","","","","","","","","","","","","Coding & Software Engineering","","","","","","","","","","","","","","",""
"ComputerBench A Connector","Batch 3","CONN-B3-9000312","the-half-of-the-estate-that-never-shows","the-half-of-the-estate-that-never-shows","","","","","","","","","","","","","","","","","","","","General / cross-domain knowledge work","","","","","","","","","","","","","","",""
"ComputerBench A Connector","Batch 3","CONN-B3-9000317","the-item-nobody-actually-claimed","the-item-nobody-actually-claimed","","Srinivas Poturi","","In Progress","","","","","","","2026-09-28","","","","","","","","","Business & Strategy","","","","","","","","","","","","","","",""
"ComputerBench A Connector","Batch 3","CONN-B3-9000325","the-links-we-never-closed","the-links-we-never-closed","","Srinivas Poturi","","In Progress","","","","","","","2026-09-28","","","","","","","","","Business & Strategy","","","","","","","","","","","","","","",""
"ComputerBench A Connector","Batch 3","CONN-B3-9000326","the-meeting-nobody-was-coming-to","the-meeting-nobody-was-coming-to","","","","","","","","","","","","","","","","","","","","General / cross-domain knowledge work","","","","","","","","","","","","","","",""
"ComputerBench A Connector","Batch 3","CONN-B3-9000327","the-meeting-that-shows-up-as-free","the-meeting-that-shows-up-as-free","","","","","","","","","","","","","","","","","","","","General / cross-domain knowledge work","","","","","","","","","","","","","","",""
"ComputerBench A Connector","Batch 3","CONN-B3-9000328","the-meetings-nobody-actually-confirmed","the-meetings-nobody-actually-confirmed","","Shahryar Akbar","","Pending Finalization","","","","","","","2026-09-28","2026-09-28","","","","","","","","General / cross-domain knowledge work","","","","","","","","","","","","","","",""
"ComputerBench A Connector","Batch 3","CONN-B3-9000330","the-meetings-you-dont-actually-own","the-meetings-you-dont-actually-own","","Adarsh Shivam","","In Progress","","","","","","","2026-09-28","","","","","","","","","General / cross-domain knowledge work","","","","","","","","","","","","","","",""
"ComputerBench A Connector","Batch 3","CONN-B3-9000331","the-money-nobody-signed-for","the-money-nobody-signed-for","","Ardhendu Pramanik","","In Progress","","","","","","","2026-09-28","","","","","","","","","Finance & Accounting","","","","","","","","","","","","","","",""
"ComputerBench A Connector","Batch 3","CONN-B3-9000336","the-news-nobody-could-answer","the-news-nobody-could-answer","","Ardhendu Pramanik","","In Progress","","","","","","","2026-09-28","","","","","","","","","Business & Strategy","","","","","","","","","","","","","","",""
"ComputerBench A Connector","Batch 3","CONN-B3-9000338","the-one-approval-that-actually-cleared","the-one-approval-that-actually-cleared","","Elias Sisay","","In Progress","","","","","","","2026-09-28","","","","","","","","","General / cross-domain knowledge work","","","","","","","","","","","","","","",""
"ComputerBench A Connector","Batch 3","CONN-B3-9000342","the-people-still-waiting-on-me","the-people-still-waiting-on-me","","","","","","","","","","","","","","","","","","","","General / cross-domain knowledge work","","","","","","","","","","","","","","",""
"ComputerBench A Connector","Batch 3","CONN-B3-9000343","the-pin-that-never-got-closed-out","the-pin-that-never-got-closed-out","","","","","","","","","","","","","","","","","","","","General / cross-domain knowledge work","","","","","","","","","","","","","","",""
"ComputerBench A Connector","Batch 3","CONN-B3-9000344","the-pin-that-points-at-nothing","the-pin-that-points-at-nothing","","UMAR JAMIL","","In Progress","","","","","","","2026-09-28","","","","","","","","","Business & Strategy","","","","","","","","","","","","","","",""
"ComputerBench A Connector","Batch 3","CONN-B3-9000349","the-replies-my-inbox-never-showed","the-replies-my-inbox-never-showed","","UMAR JAMIL","","In Progress","","","","","","","2026-09-28","","","","","","","","","General / cross-domain knowledge work","","","","","","","","","","","","","","",""
"ComputerBench A Connector","Batch 3","CONN-B3-9000351","the-required-guests-still-not-locked-in","the-required-guests-still-not-locked-in","","Abbiramy Kumar S","","In Progress","","","","","","","2026-09-28","","","","","","","","","General / cross-domain knowledge work","","","","","","","","","","","","","","",""
"ComputerBench A Connector","Batch 3","CONN-B3-9000354","the-rule-that-stopped-at-the-first-tab","the-rule-that-stopped-at-the-first-tab","","","","","","","","","","","","","","","","","","","","Business & Strategy","","","","","","","","","","","","","","",""
"ComputerBench A Connector","Batch 3","CONN-B3-9000359","the-seat-my-invitations-put-me-in","the-seat-my-invitations-put-me-in","","","","","","","","","","","","","","","","","","","","General / cross-domain knowledge work","","","","","","","","","","","","","","",""
"ComputerBench A Connector","Batch 3","CONN-B3-9000362","the-security-review-that-missed-its-own-deadline","the-security-review-that-missed-its-own-deadline","","Elias Sisay","","In Progress","","","","","","","2026-09-28","","","","","","","","","Technology & IT Operations","","","","","","","","","","","","","","",""
"ComputerBench A Connector","Batch 3","CONN-B3-9000365","the-slots-that-only-looked-taken","the-slots-that-only-looked-taken","","","","","","","","","","","","","","","","","","","","General / cross-domain knowledge work","","","","","","","","","","","","","","",""
"ComputerBench A Connector","Batch 3","CONN-B3-9000367","the-tag-that-no-listing-shows","the-tag-that-no-listing-shows","","","","","","","","","","","","","","","","","","","","Business & Strategy","","","","","","","","","","","","","","",""
"ComputerBench A Connector","Batch 3","CONN-B3-9000370","the-thread-that-outlived-its-own-start","the-thread-that-outlived-its-own-start","","","","","","","","","","","","","","","","","","","","General / cross-domain knowledge work","","","","","","","","","","","","","","",""
"ComputerBench A Connector","Batch 3","CONN-B3-9000374","the-two-hundred-it-stops-at","the-two-hundred-it-stops-at","","Junaid Shariff","","In Progress","","","","","","","2026-09-28","","","","","","","","","General / cross-domain knowledge work","","","","","","","","","","","","","","",""
"ComputerBench A Connector","Batch 3","CONN-B3-9000377","the-work-that-never-closed","the-work-that-never-closed","","Junaid Shariff","","In Progress","","","","","","","2026-09-28","","","","","","","","","Business & Strategy","","","","","","","","","","","","","","",""
"ComputerBench A Connector","Batch 3","CONN-B3-9000389","what-the-values-never-said","what-the-values-never-said","","Victor Kimeu","","In Progress","","","","","","","2026-09-28","","","","","","","","","Business & Strategy","","","","","","","","","","","","","","",""
"ComputerBench A Connector","Batch 3","CONN-B3-9000392","which-fixes-are-actually-somebodys","which-fixes-are-actually-somebodys","","Tsehayneh Sinishaw","","In Progress","","","","","","","2026-09-28","","","","","","","","","Technology & IT Operations","","","","","","","","","","","","","","",""
"ComputerBench A Connector","Batch 3","CONN-B3-9000393","which-jj-do-you-mean","which-jj-do-you-mean","","","","","","","","","","","","","","","","","","","","Business & Strategy","","","","","","","","","","","","","","",""
"ComputerBench A Connector","Batch 3","CONN-B3-9000396","who-still-hasnt-said-yes","who-still-hasnt-said-yes","","","","","","","","","","","","","","","","","","","","General / cross-domain knowledge work","","","","","","","","","","","","","","",""
"ComputerBench A Connector","Batch 3","CONN-B3-9000400","workspace-access-governance-roster","workspace-access-governance-roster","","Athar Ali","","In Progress","","YES","","PASS","","","2026-09-26","","Pipeline Error.... waiting to get Resloved","","3/4","8.00","Vivek Saini","","","Business & Strategy","","","","","","","","","","","","","rejected","athar.a@turing.com","2026-09-26"
"ComputerBench A Connector","Batch 4","CONN-B4-9000402","advisory-board-pre-brief","advisory-board-pre-brief","","","","","","","","","","","","","","","","","","","","Business & Strategy","","","","","","","","","","","","","","",""
"ComputerBench A Connector","Batch 4","CONN-B4-9000405","backlog-walkthrough-follow-up","backlog-walkthrough-follow-up","","Akash Dekate","","Pending Finalization","","","","","","","2026-09-28","2026-09-28","","","","","","","","Business & Strategy","","","","","","","","","","","","","","",""
"ComputerBench A Connector","Batch 4","CONN-B4-9000407","blocker-picture-before-planning","blocker-picture-before-planning","","Akash Dekate","","Pending Finalization","","","","","","","2026-09-28","2026-09-28","","","","","","","","Business & Strategy","","","","","","","","","","","","","","",""
"ComputerBench A Connector","Batch 4","CONN-B4-9000408","budget-summary-tie-out","budget-summary-tie-out","","SHARVESH Sureshkumar","","In Progress","","","","","","","2026-09-28","","","","","","","","","Business & Strategy","","","","","","","","","","","","","","",""
"ComputerBench A Connector","Batch 4","CONN-B4-9000409","buried-thread-recaps","buried-thread-recaps","","Vishal Hirapara","","In Progress","","","","","","","2026-09-28","","","","","","","","","Technology & IT Operations","","","","","","","","","","","","","","",""
"ComputerBench A Connector","Batch 4","CONN-B4-9000410","call-off-half-empty-sessions","call-off-half-empty-sessions","","","","","","","","","","","","","","","","","","","","Business & Strategy","","","","","","","","","","","","","","",""
"ComputerBench A Connector","Batch 4","CONN-B4-9000412","catalogue-fixes-before-the-report","catalogue-fixes-before-the-report","","","","","","","","","","","","","","","","","","","","Business & Strategy","","","","","","","","","","","","","","",""
"ComputerBench A Connector","Batch 4","CONN-B4-9000413","chase-the-non-responders","chase-the-non-responders","","","","","","","https://harbor-trainer-s2eobzrxbq-uc.a.run.app/trainer#task=content-583ee289e6eee67cb72d6ae827d6a01f-v5","FAIL","","","2026-09-20","","Discarding CONN-B4-9000413 (chase-the-non-responders) on difficulty. The first run was 0/4, but only because a hidden rule had to be disclosed. After that, three hardens all came back 4/4, including growing it from 3 drafts to 8. Every answer comes from a single calendar read, so the task has nothing fair left to make hard.","","","","","","","Business & Strategy","","","","","","","","","","","","","","",""
"ComputerBench A Connector","Batch 4","CONN-B4-9000417","end-of-week-sync-her-conversations","end-of-week-sync-her-conversations","","","","","","","","","","","","","","","","","","","","Business & Strategy","","","","","","","","","","","","","","",""
"ComputerBench A Connector","Batch 4","CONN-B4-9000418","even-stock-before-physical-count","even-stock-before-physical-count","","LELISA MEGERSA","","In Progress","","","","","","","2026-09-28","","","","","","","","","Business & Strategy","","","","","","","","","","","","","","",""
"ComputerBench A Connector","Batch 4","CONN-B4-9000420","follow-ups-i-still-owe","follow-ups-i-still-owe","","ALLEPU NITHISHA","","In Progress","","","","","","","2026-09-28","","","","","","","","","Business & Strategy","","","","","","","","","","","","","","",""
"ComputerBench A Connector","Batch 4","CONN-B4-9000421","honest-completion-figure","honest-completion-figure","","Shepherd Umanah","","In Progress","","","","","","","2026-09-28","","","","","","","","","Business & Strategy","","","","","","","","","","","","","","",""
"ComputerBench A Connector","Batch 4","CONN-B4-9000423","in-flight-release-go-no-go","in-flight-release-go-no-go","","","","","","","","","","","","","","","","","","","","Business & Strategy","","","","","","","","","","","","","","",""
"ComputerBench A Connector","Batch 4","CONN-B4-9000427","join-links-before-travel","join-links-before-travel","","","","","","","","","","","","","","","","","","","","Business & Strategy","","","","","","","","","","","","","","",""
"ComputerBench A Connector","Batch 4","CONN-B4-9000431","meeting-declines-for-my-leave","meeting-declines-for-my-leave","","Shepherd Umanah","","In Progress","","","","","","","2026-09-28","","","","","","","","","Business & Strategy","","","","","","","","","","","","","","",""
"ComputerBench A Connector","Batch 4","CONN-B4-9000432","merged-on-red-incident-suspects","merged-on-red-incident-suspects","","Ali Hassan","","In Progress","","","","","","","2026-09-28","","","","","","","","","Technology & IT Operations","","","","","","","","","","","","","","",""
"ComputerBench A Connector","Batch 4","CONN-B4-9000447","plaintext-credentials-lockdown","plaintext-credentials-lockdown","","Vishal Hirapara","","In Progress","","","","","","","2026-09-28","","","","","","","","","Technology & IT Operations","","","","","","","","","","","","","","",""
"ComputerBench A Connector","Batch 4","CONN-B4-9000450","quiet-threads-follow-up-drafts","quiet-threads-follow-up-drafts","","Arpit Viradiya","","In Progress","","","","","","","2026-09-28","","","","","","","","","Business & Strategy","","","","","","","","","","","","","","",""
"ComputerBench A Connector","Batch 4","CONN-B4-9000455","september-ops-review-prep","september-ops-review-prep","","Arpit Viradiya","","In Progress","","","","","","","2026-09-28","","","","","","","","","Business & Strategy","","","","","","","","","","","","","","",""
"ComputerBench A Connector","Batch 4","CONN-B4-9000460","the-badge-that-still-opens-the-door","the-badge-that-still-opens-the-door","","Shahryar Akbar","","In Progress","","","","","","","2026-09-28","","","","","","","","","Technology & IT Operations","","","","","","","","","","","","","","",""
"ComputerBench A Connector","Batch 4","CONN-B4-9000462","the-board-said-done","the-board-said-done","","","","","","","","","","","","","","","","","","","","General / cross-domain knowledge work","","","","","","","","","","","","","","",""
"ComputerBench A Connector","Batch 4","CONN-B4-9000464","the-booking-i-cannot-get-back","the-booking-i-cannot-get-back","","","","","","","","","","","","","","","","","","","","General / cross-domain knowledge work","","","","","","","","","","","","","","",""
"ComputerBench A Connector","Batch 4","CONN-B4-9000465","the-bots-no-two-lists-agree-on","the-bots-no-two-lists-agree-on","","","","","","","","","","","","","","","","","","","","Business & Strategy","","","","","","","","","","","","","","",""
"ComputerBench A Connector","Batch 4","CONN-B4-9000467","the-card-that-came-last","the-card-that-came-last","","Vanshika Dixit","","In Progress","","","","","","","2026-09-28","","","","","","","","","Business & Strategy","","","","","","","","","","","","","","",""
"ComputerBench A Connector","Batch 4","CONN-B4-9000473","the-comment-nobody-came-back-to","the-comment-nobody-came-back-to","","","","","","","","","","","","","","","","","","","","General / cross-domain knowledge work","","","","","","","","","","","","","","",""
"ComputerBench A Connector","Batch 4","CONN-B4-9000483","the-deals-nobody-can-call","the-deals-nobody-can-call","","","","","","","","","","","","","","","","","","","","Business & Strategy","","","","","","","","","","","","","","",""
"ComputerBench A Connector","Batch 4","CONN-B4-9000485","the-design-reviews-nobody-picked-up","the-design-reviews-nobody-picked-up","","","","","","","","","","","","","","","","","","","","General / cross-domain knowledge work","","","","","","","","","","","","","","",""
"ComputerBench A Connector","Batch 4","CONN-B4-9000489","the-escalations-left-with-people-who-are-away","the-escalations-left-with-people-who-are-away","","","","","","","","","","","","","","","","","","","","General / cross-domain knowledge work","","","","","","","","","","","","","","",""
"ComputerBench A Connector","Batch 4","CONN-B4-9000494","the-finance-marts-running-on-broken-inputs","the-finance-marts-running-on-broken-inputs","","Shahryar Akbar","","Pending Finalization","","","","","","","2026-09-28","2026-09-28","","","","","","","","Technology & IT Operations","","","","","","","","","","","","","","",""
"ComputerBench A Connector","Batch 4","CONN-B4-9000495","the-first-one-is-the-whole-run","the-first-one-is-the-whole-run","","","","","","","","","","","","","","","","","","","","General / cross-domain knowledge work","","","","","","","","","","","","","","",""
"ComputerBench A Connector","Batch 4","CONN-B4-9000499","the-guest-i-marked-both-ways","the-guest-i-marked-both-ways","","","","","","","","","","","","","","","","","","","","General / cross-domain knowledge work","","","","","","","","","","","","","","",""
"ComputerBench A Connector","Batch 4","CONN-B4-9000500","the-handle-two-people-answer-to","the-handle-two-people-answer-to","","","","","","","","","","","","","","","","","","","","Business & Strategy","","","","","","","","","","","","","","",""
"ComputerBench A Connector","Batch 4","CONN-B4-9000502","the-hour-that-was-not-an-hour","the-hour-that-was-not-an-hour","","Shahryar Akbar","","In Progress","","","","","","","2026-09-28","","","","","","","","","General / cross-domain knowledge work","","","","","","","","","","","","","","",""
"ComputerBench A Connector","Batch 4","CONN-B4-9000503","the-invitations-i-never-answered","the-invitations-i-never-answered","","","","","","","","","","","","","","","","","","","","General / cross-domain knowledge work","","","","","","","","","","","","","","",""
"ComputerBench A Connector","Batch 4","CONN-B4-9000506","the-link-that-leads-elsewhere","the-link-that-leads-elsewhere","the-link-that-leads-elsewhere","Athar Ali","","Accepted","","YES","https://harbor-trainer-s2eobzrxbq-uc.a.run.app/trainer/api/run/evaluation-6e7f33089f644433/artifact?name=qc_report_v2.html&share=GefjPETNbZckXPAW2f5aI-dnAnIzzDkuT8Y6FLm1A1s","PASS","","","2026-09-21","","","","2/4","12.00","Vivek Saini","","","Coding & Software Engineering","","","","","","","","","","","","","accepted","athar.a@turing.com","2026-09-23"
"ComputerBench A Connector","Batch 4","CONN-B4-9000507","the-links-that-were-never-links","the-links-that-were-never-links","","","","","","","","","","","2026-09-22","","","","","","","","","Technology & IT Operations","","","","","","","","","","","","","","",""
"ComputerBench A Connector","Batch 4","CONN-B4-9000509","the-meetings-nobody-has-said-yes-to","the-meetings-nobody-has-said-yes-to","","","","","","","","","","","","","","","","","","","","General / cross-domain knowledge work","","","","","","","","","","","","","","",""
"ComputerBench A Connector","Batch 4","CONN-B4-9000510","the-meetings-still-waiting-on-a-yes","the-meetings-still-waiting-on-a-yes","","","","","","","","","","","","","","","","","","","","General / cross-domain knowledge work","","","","","","","","","","","","","","",""
"ComputerBench A Connector","Batch 4","CONN-B4-9000511","the-merges-a-signing-rule-would-have-stopped","the-merges-a-signing-rule-would-have-stopped","the-merges-a-signing-rule-would-have-stopped","Athar Ali","","Rejected","","YES","https://harbor-trainer-s2eobzrxbq-uc.a.run.app/trainer/api/run/evaluation-e74d96202c1b44c4/artifact?name=qc_report_v2.html&share=Oqe00VTUSm8y_xGtC4n4xaZGB5JKKCxZ0yihKmbHmS0","PASS","","","2026-09-23","","","","2/4","10.00","Vivek Saini","","","Coding & Software Engineering","","","","","","","","","","","","","accepted","athar.a@turing.com","2026-09-25"
"ComputerBench A Connector","Batch 4","CONN-B4-9000512","the-milestones-that-slipped-past-their-dates","the-milestones-that-slipped-past-their-dates","the-milestones-that-slipped-past-their-dates","Athar Ali","","In Progress","","YES","https://harbor-trainer-s2eobzrxbq-uc.a.run.app/trainer/api/run/evaluation-1d1a8338b88c44a6/artifact?name=qc_report_v2.html&share=HBh45ho0lBzlIWy2oCbrtDibj6Fr5_Pb1_67x4ya1Kw","PASS","","","2026-09-25","","Facing pipeline error issue.. waiting to get resolved","","3/4","10.00","Vivek Saini","","","Coding & Software Engineering","","","","","","","","","","","","","","",""
"ComputerBench A Connector","Batch 4","CONN-B4-9000516","the-ones-i-can-actually-reach","the-ones-i-can-actually-reach","","","","","","","","","","","","","","","","","","","","General / cross-domain knowledge work","","","","","","","","","","","","","","",""
"ComputerBench A Connector","Batch 4","CONN-B4-9000519","the-owner-column-is-not-an-owner","the-owner-column-is-not-an-owner","https://drive.google.com/file/d/1bSsBNdYAXjJKEOl5l85cywro8OV2a99S/view?usp=drive_link","SADDAM HUSSAIN","","Accepted","","Yes","https://harbor-trainer-s2eobzrxbq-uc.a.run.app/trainer#task=content-6b4ab6aa025fb1e674637a66957fd15c-v13","PASS","","","2026-09-18","2026-09-20","Mined at 3/3 full reward in 11-14 steps - every figure was a one-pass filter over one 22-issue
project. Adding a workspace-wide relation didn't move it (4/4), and rebuilding the prompt
inductively made it easier. What worked was moving the deliverable to the write side, where GLM
was actually failing: a line on each of the seven tickets parked on a departed account, each
naming that ticket's own departed owner. Landed 1/4.

Also fixed a real defect in the mined package: entrypoint.sh allowed 40 one-second proxy
readiness attempts against a proxy that takes ~45s, so every run died with exit 70 before the
agent started. Raised to 240.","","1/4","","","","","Coding & Software Engineering","","","","","","","","","","","","","accepted","saddam.h1@turing.com","2026-09-20"
"ComputerBench A Connector","Batch 4","CONN-B4-9000524","the-post-i-was-never-sent","the-post-i-was-never-sent","","Abhishek Yadav","","Rejected","","","","","","","2026-09-23","","","","","","","","","Coding & Software Engineering","","","","","","","","","","","","","rejected","abhishek.y@turing.com","2026-09-22"
"ComputerBench A Connector","Batch 4","CONN-B4-9000525","the-posts-no-room-will-list","the-posts-no-room-will-list","https://drive.google.com/file/d/1b5ro9nVp7aml65Oet4ZNPoHCITKrq_vK/view?usp=drive_link","Abhishek Yadav","","Accepted","","","https://harbor-trainer-s2eobzrxbq-uc.a.run.app/trainer/api/run/evaluation-cf2f714b01224346/artifact?name=qc_report_v2.html&share=4y2WSrmbAgFFLNHzRzOCf6Xwq5fw4KuYHNyV1bQ5ULM","PASS","","","2026-09-22","2026-09-23","","","","8.00","","","","Coding & Software Engineering","","","","","","","","","","","","","accepted","abhishek.y@turing.com","2026-09-22"
"ComputerBench A Connector","Batch 4","CONN-B4-9000526","the-prefix-my-diary-ignores","the-prefix-my-diary-ignores","","Abhishek Yadav","","Rejected","","","","","","","2026-09-22","","","","","","","","","General / cross-domain knowledge work","","","","","","","","","","","","","rejected","abhishek.y@turing.com","2026-09-24"
"ComputerBench A Connector","Batch 4","CONN-B4-9000527","the-preview-branches-left-running","the-preview-branches-left-running","","Abhishek Yadav","","Rejected","","","","","","","2026-09-23","","","","","","","","","Coding & Software Engineering","","","","","","","","","","","","","rejected","abhishek.y@turing.com","2026-09-23"
"ComputerBench A Connector","Batch 4","CONN-B4-9000529","the-projects-on-track-with-nothing-written","the-projects-on-track-with-nothing-written","","","","","","","","","","","","","","","","","","","","General / cross-domain knowledge work","","","","","","","","","","","","","","",""
"ComputerBench A Connector","Batch 4","CONN-B4-9000530","the-quarter-nobody-asked-for","the-quarter-nobody-asked-for","","Abhishek Yadav","","In Progress","","","","","","","2026-09-27","","","","","","","","","Coding & Software Engineering","","","","","","","","","","","","","","",""
"ComputerBench A Connector","Batch 4","CONN-B4-9000532","the-renewals-nobody-is-working","the-renewals-nobody-is-working","","","","","","","","","","","","","","","","","","","","Business & Strategy","","","","","","","","","","","","","","",""
"ComputerBench A Connector","Batch 4","CONN-B4-9000534","the-reports-safe-to-switch-back-on","the-reports-safe-to-switch-back-on","","Abhishek Yadav","","In Progress","","","","","","","2026-09-26","","","","","","","","","Technology & IT Operations","","","","","","","","","","","","","rejected","abhishek.y@turing.com","2026-09-27"
"ComputerBench A Connector","Batch 4","CONN-B4-9000536","the-rollout-nobody-closed-out","the-rollout-nobody-closed-out","","Abhishek Yadav","","In Progress","","","","","","","2026-09-26","","","","","","","","","Coding & Software Engineering","","","","","","","","","","","","","rejected","abhishek.y@turing.com","2026-09-28"
"ComputerBench A Connector","Batch 4","CONN-B4-9000540","the-rooms-nobody-put-me-in","the-rooms-nobody-put-me-in","","Ujjwal Kumar Mishra","","In Progress","","","","","","","2026-09-28","","","","","","","","","Business & Strategy","","","","","","","","","","","","","","",""
"ComputerBench A Connector","Batch 4","CONN-B4-9000544","the-run-the-month-will-not-name","the-run-the-month-will-not-name","","SHIVASHANKAR V","","In Progress","","","","","","","2026-09-28","","","","","","","","","General / cross-domain knowledge work","","","","","","","","","","","","","","",""
"ComputerBench A Connector","Batch 4","CONN-B4-9000546","the-security-reviews-waiting-on-someone-who-is-out","the-security-reviews-waiting-on-someone-who-is-out","","","","","","","","","","","","","","","","","","","","General / cross-domain knowledge work","","","","","","","","","","","","","","",""
"ComputerBench A Connector","Batch 4","CONN-B4-9000547","the-series-that-only-ran-once","the-series-that-only-ran-once","","","","","","","","","","","","","","","","","","","","General / cross-domain knowledge work","","","","","","","","","","","","","","",""
"ComputerBench A Connector","Batch 4","CONN-B4-9000549","the-sprint-work-started-without-a-plan","the-sprint-work-started-without-a-plan","","Vanshika Dixit","","In Progress","","","","","","","2026-09-28","","","","","","","","","General / cross-domain knowledge work","","","","","","","","","","","","","","",""
"ComputerBench A Connector","Batch 4","CONN-B4-9000551","the-summary-tabs-that-do-not-tie-out","the-summary-tabs-that-do-not-tie-out","","","","","","","","","","","","","","","","","","","","Business & Strategy","","","","","","","","","","","","","","",""
"ComputerBench A Connector","Batch 4","CONN-B4-9000555","the-tag-is-not-the-report","the-tag-is-not-the-report","","Usama Rasheed","","In Progress","","","","","","","2026-09-21","","","","","","","","","Coding & Software Engineering","","","","","","","","","","","","","","",""
"ComputerBench A Connector","Batch 4","CONN-B4-9000557","the-team-the-search-invented","the-team-the-search-invented","","Alelgne Bayeh","","In Progress","","","","","","","2026-09-28","","","","","","","","","Business & Strategy","","","","","","","","","","","","","","",""
"ComputerBench A Connector","Batch 4","CONN-B4-9000558","the-thread-and-everything-attached-to-it","the-thread-and-everything-attached-to-it","","Yousef Khaled Gouda","","In Progress","","","","","","","2026-09-28","","","","","","","","","General / cross-domain knowledge work","","","","","","","","","","","","","","",""
"ComputerBench A Connector","Batch 4","CONN-B4-9000566","the-urgent-tickets-nobody-is-holding","the-urgent-tickets-nobody-is-holding","https://drive.google.com/file/d/1F2gir6sODs5JZ1au_weNaacdQsEh9fng/view?usp=drive_link","SADDAM HUSSAIN","","Accepted","","Yes","https://harbor-trainer-s2eobzrxbq-uc.a.run.app/trainer#task=content-e9cf55aa2cad6e6aea02cc01a5bc3d8d-v2","PASS","","","2026-09-21","2026-09-21","Fixed the 40-try healthcheck (runs were exiting with code 70), removed a call-count check and a trace-only process rubric, and tightened the held-ticket and no-side-effect checks so reassigning a held ticket or sweeping the High-priority ones now fails. Oracle scores 1.0; QC-Oracle-GLM is running.","","1/4","","","","","Coding & Software Engineering","","","","","","","","","","","","","accepted","saddam.h1@turing.com","2026-09-21"
"ComputerBench A Connector","Batch 4","CONN-B4-9000570","the-week-i-cannot-see-yet","the-week-i-cannot-see-yet","","","","","","","","","","","","","","","","","","","","General / cross-domain knowledge work","","","","","","","","","","","","","","",""
"ComputerBench A Connector","Batch 4","CONN-B4-9000571","the-week-that-was-booked-twice","the-week-that-was-booked-twice","","Ujjwal Kumar Mishra","","In Progress","","","","","","","2026-09-28","","","","","","","","","General / cross-domain knowledge work","","","","","","","","","","","","","","",""
"ComputerBench A Connector","Batch 4","CONN-B4-9000572","the-words-never-said-it-was-there","the-words-never-said-it-was-there","https://drive.google.com/file/d/1m7XOPZ9eswEcDo8ZdJzIl1UDF72--x7_/view?usp=sharing","Ahsan Raza","","Pending Finalization","","yes","https://harbor-trainer-s2eobzrxbq-uc.a.run.app/trainer/api/run/evaluation-a659ada35a0a4283/artifact?name=qc_report_v2.html&share=66ZPISppJldOnaWy0n6lvazDhZFRfE7J-GF8x8XiNjw","PASS","","","2026-09-23","2026-09-27","","","3/4","12.00","","","","Coding & Software Engineering","","","","","","","","","","","","","","",""
"ComputerBench A Connector","Batch 4","CONN-B4-9000574","the-workspace-written-two-ways","the-workspace-written-two-ways","","Ali Hassan","","In Progress","","","","","","","2026-09-28","","","","","","","","","Business & Strategy","","","","","","","","","","","","","","",""
"ComputerBench A Connector","Batch 4","CONN-B4-9000575","timeline-off-the-weekends","timeline-off-the-weekends","","Ahsan Raza","","In Progress","","","","","","","2026-09-28","","","","","","","","","Business & Strategy","","","","","","","","","","","","","","",""
"ComputerBench A Connector","Batch 4","CONN-B4-9000576","unwatched-databases-stopgap","unwatched-databases-stopgap","","Vanka Masthanamma","","In Progress","","","","","","","2026-09-28","","","","","","","","","Technology & IT Operations","","","","","","","","","","","","","","",""
"ComputerBench A Connector","Batch 4","CONN-B4-9000583","what-was-said-next","what-was-said-next","","Vanka Masthanamma","","In Progress","","","","","","","2026-09-28","","","","","","","","","Business & Strategy","","","","","","","","","","","","","","",""
"ComputerBench A Connector","Batch 4","CONN-B4-9000586","who-talks-back-to-the-bots","who-talks-back-to-the-bots","","Muhammad Usman Haider","","In Progress","","","","","","","2026-09-28","","","","","","","","","General / cross-domain knowledge work","","","","","","","","","","","","","","",""